target,N,model,k,hits,unseen_hits,seen_hits,acyclic_hits,generic_unseen_hits,low_similarity_active_hits,unique_active_scaffolds,unique_unseen_scaffolds,unseen_active_available,unseen_active_scaffolds_available,boundary_ties,hits_tie_min,hits_tie_max
588689,40,base,100,23,23,0,0,23,18.0,23,23,393,275,1,23,23
588689,40,base,500,73,73,0,0,72,60.0,60,60,393,275,1,73,73
588689,40,headft,100,30,30,0,0,29,19.0,20,20,393,275,1,30,30
588689,40,headft,500,107,106,1,0,104,88.0,80,79,393,275,1,107,107
588689,40,nearest_active,100,11,10,1,0,9,0.0,9,8,393,275,6,11,11
588689,40,nearest_active,500,23,21,2,0,19,0.0,19,17,393,275,8,23,23
588689,100,base,100,23,21,2,0,21,15.0,23,21,379,269,1,23,23
588689,100,base,500,73,67,6,0,64,51.0,60,55,379,269,1,73,73
588689,100,headft,100,42,35,7,0,34,16.0,33,27,379,269,1,42,42
588689,100,headft,500,123,113,10,0,109,77.0,80,74,379,269,1,123,123
588689,100,nearest_active,100,23,10,13,0,9,0.0,15,9,379,269,2,23,23
588689,100,nearest_active,500,33,20,13,0,19,0.0,24,18,379,269,11,33,33
588689,300,base,100,23,19,4,0,18,7.0,23,19,318,253,1,23,23
588689,300,base,500,73,49,24,0,44,26.0,60,46,318,253,1,73,73
588689,300,headft,100,47,16,31,0,16,4.0,20,10,318,253,1,47,47
588689,300,headft,500,127,70,57,0,62,29.0,74,56,318,253,1,127,127
588689,300,nearest_active,100,50,5,45,0,5,0.0,20,5,318,253,2,50,50
588689,300,nearest_active,500,99,30,69,0,27,0.0,47,27,318,253,1,99,99
540297-493091,40,base,100,12,11,1,0,11,8.0,12,11,734,581,1,12,12
540297-493091,40,base,500,53,52,1,0,52,46.0,46,45,734,581,1,53,53
540297-493091,40,headft,100,26,25,1,0,25,22.0,22,21,734,581,1,26,26
540297-493091,40,headft,500,81,78,3,0,78,70.0,67,65,734,581,1,81,81
540297-493091,40,nearest_active,100,8,7,1,0,7,0.0,8,7,734,581,1,8,8
540297-493091,40,nearest_active,500,27,26,1,0,26,0.0,25,24,734,581,11,27,27
540297-493091,100,base,100,12,10,2,0,10,7.0,12,10,732,579,1,12,12
540297-493091,100,base,500,53,51,2,0,50,42.0,46,44,732,579,1,53,53
540297-493091,100,headft,100,26,22,4,0,22,12.0,21,19,732,579,1,26,26
540297-493091,100,headft,500,90,84,6,0,84,54.0,74,71,732,579,1,90,90
540297-493091,100,nearest_active,100,11,6,5,0,4,0.0,8,6,732,579,2,11,11
540297-493091,100,nearest_active,500,32,26,6,0,24,0.0,29,26,732,579,3,32,32
540297-493091,300,base,100,12,8,4,0,7,3.0,12,8,704,565,1,12,12
540297-493091,300,base,500,53,42,11,0,40,26.0,46,39,704,565,1,53,53
540297-493091,300,headft,100,25,18,7,0,17,6.0,23,18,704,565,1,25,25
540297-493091,300,headft,500,103,86,17,0,84,37.0,80,70,704,565,1,103,103
540297-493091,300,nearest_active,100,41,16,25,0,14,0.0,24,14,704,565,1,41,41
540297-493091,300,nearest_active,500,82,56,26,0,52,0.0,59,49,704,565,27,81,83
434954-2097,40,base,100,19,17,2,0,15,12.0,17,15,407,246,1,19,19
434954-2097,40,base,500,76,72,4,0,62,39.0,54,51,407,246,1,76,76
434954-2097,40,headft,100,18,15,3,0,10,3.0,14,12,407,246,1,18,18
434954-2097,40,headft,500,68,61,7,0,44,16.0,38,35,407,246,1,68,68
434954-2097,40,nearest_active,100,42,36,6,0,26,0.0,29,25,407,246,4,42,43
434954-2097,40,nearest_active,500,100,92,8,0,71,0.0,50,46,407,246,19,99,100
434954-2097,100,base,100,19,11,8,0,11,5.0,17,11,387,239,1,19,19
434954-2097,100,base,500,76,57,19,0,48,21.0,54,45,387,239,1,76,76
434954-2097,100,headft,100,23,17,6,0,7,1.0,18,12,387,239,1,23,23
434954-2097,100,headft,500,92,67,25,0,42,7.0,49,39,387,239,1,92,92
434954-2097,100,nearest_active,100,62,40,22,0,23,0.0,33,23,387,239,1,62,62
434954-2097,100,nearest_active,500,122,98,24,0,68,0.0,64,54,387,239,36,122,122
434954-2097,300,base,100,19,9,10,0,9,5.0,17,9,338,222,1,19,19
434954-2097,300,base,500,76,43,33,0,31,15.0,54,36,338,222,1,76,76
434954-2097,300,headft,100,76,39,37,0,17,0.0,32,17,338,222,1,76,76
434954-2097,300,headft,500,138,87,51,0,54,13.0,73,54,338,222,1,138,138
434954-2097,300,nearest_active,100,73,27,46,0,12,0.0,33,16,338,222,2,73,73
434954-2097,300,nearest_active,500,163,99,64,0,65,0.0,83,62,338,222,20,163,164
463203-2650,40,base,100,12,10,2,0,9,11.0,11,9,535,396,1,12,12
463203-2650,40,base,500,75,71,4,0,65,71.0,66,63,535,396,1,75,75
463203-2650,40,headft,100,5,5,0,0,5,5.0,5,5,535,396,1,5,5
463203-2650,40,headft,500,33,31,2,0,29,29.0,28,27,535,396,1,33,33
463203-2650,40,nearest_active,100,6,4,2,0,3,0.0,5,3,535,396,6,6,6
463203-2650,40,nearest_active,500,11,9,2,0,8,0.0,10,8,535,396,65,11,11
463203-2650,100,base,100,12,10,2,0,9,9.0,11,9,528,390,1,12,12
463203-2650,100,base,500,75,67,8,0,56,61.0,66,59,528,390,1,75,75
463203-2650,100,headft,100,16,12,4,0,11,8.0,13,9,528,390,1,16,16
463203-2650,100,headft,500,75,65,10,0,55,50.0,56,49,528,390,1,75,75
463203-2650,100,nearest_active,100,20,13,7,0,9,0.0,17,11,528,390,2,20,20
463203-2650,100,nearest_active,500,41,32,9,0,23,0.0,29,23,528,390,19,39,41
463203-2650,300,base,100,12,7,5,0,7,4.0,11,7,478,370,1,12,12
463203-2650,300,base,500,75,52,23,0,42,35.0,66,48,478,370,1,75,75
463203-2650,300,headft,100,27,16,11,0,10,5.0,21,12,478,370,1,27,27
463203-2650,300,headft,500,106,63,43,0,48,33.0,78,55,478,370,1,106,106
463203-2650,300,nearest_active,100,50,16,34,0,12,0.0,35,15,478,370,2,50,51
463203-2650,300,nearest_active,500,102,53,49,0,40,0.0,65,43,478,370,16,102,103
493248-485317,40,base,100,8,8,0,0,8,8.0,7,7,948,754,1,8,8
493248-485317,40,base,500,33,33,0,0,31,32.0,30,30,948,754,1,33,33
493248-485317,40,headft,100,11,11,0,0,9,11.0,10,10,948,754,1,11,11
493248-485317,40,headft,500,37,37,0,0,34,37.0,34,34,948,754,1,37,37
493248-485317,40,nearest_active,100,23,23,0,0,23,22.0,19,19,948,754,2,23,23
493248-485317,40,nearest_active,500,85,85,0,0,82,84.0,70,70,948,754,11,84,85
493248-485317,100,base,100,8,8,0,0,7,8.0,7,7,935,750,1,8,8
493248-485317,100,base,500,33,31,2,0,27,28.0,30,28,935,750,1,33,33
493248-485317,100,headft,100,10,9,1,0,9,6.0,9,8,935,750,1,10,10
493248-485317,100,headft,500,40,37,3,0,31,34.0,38,35,935,750,1,40,40
493248-485317,100,nearest_active,100,9,8,1,0,8,0.0,9,8,935,750,3,9,9
493248-485317,100,nearest_active,500,28,27,1,0,27,0.0,23,22,935,750,5,28,28
493248-485317,300,base,100,8,8,0,0,4,5.0,7,7,900,731,1,8,8
493248-485317,300,base,500,33,30,3,0,20,21.0,30,27,900,731,1,33,33
493248-485317,300,headft,100,25,19,6,0,11,9.0,23,18,900,731,1,25,25
493248-485317,300,headft,500,68,58,10,0,35,38.0,61,52,900,731,1,68,68
493248-485317,300,nearest_active,100,20,13,7,0,9,0.0,17,12,900,731,1,20,20
493248-485317,300,nearest_active,500,48,37,11,0,30,0.0,41,35,900,731,4,47,48
504329,40,base,100,8,7,1,0,6,6.0,8,7,433,325,1,8,8
504329,40,base,500,36,34,2,0,33,30.0,35,33,433,325,1,36,36
504329,40,headft,100,37,36,1,0,35,23.0,31,30,433,325,1,37,37
504329,40,headft,500,81,77,3,1,76,61.0,62,60,433,325,1,81,81
504329,40,nearest_active,100,13,10,3,0,9,0.0,11,9,433,325,4,13,13
504329,40,nearest_active,500,23,20,3,0,19,0.0,18,16,433,325,8,23,23
504329,100,base,100,8,7,1,0,6,6.0,8,7,429,323,1,8,8
504329,100,base,500,36,32,4,0,31,26.0,35,32,429,323,1,36,36
504329,100,headft,100,37,31,6,0,29,13.0,31,28,429,323,1,37,37
504329,100,headft,500,95,89,6,0,87,60.0,65,62,429,323,1,95,95
504329,100,nearest_active,100,18,12,6,0,11,0.0,14,10,429,323,1,18,18
504329,100,nearest_active,500,30,23,7,0,21,0.0,23,19,429,323,5,30,30
504329,300,base,100,8,7,1,0,6,3.0,8,7,421,319,1,8,8
504329,300,base,500,36,31,5,0,29,19.0,35,31,421,319,1,36,36
504329,300,headft,100,61,56,5,0,44,20.0,43,40,421,319,1,61,61
504329,300,headft,500,136,125,11,0,103,53.0,95,88,421,319,1,136,136
504329,300,nearest_active,100,32,23,9,0,22,0.0,26,20,421,319,1,32,32
504329,300,nearest_active,500,67,56,11,0,41,0.0,46,39,421,319,5,66,67
624273-588549,40,base,100,0,0,0,0,0,0.0,0,0,148,128,1,0,0
624273-588549,40,base,500,4,4,0,0,3,2.0,4,4,148,128,1,4,4
624273-588549,40,headft,100,4,4,0,0,3,1.0,4,4,148,128,1,4,4
624273-588549,40,headft,500,10,10,0,0,9,5.0,10,10,148,128,1,10,10
624273-588549,40,nearest_active,100,4,4,0,0,4,0.0,4,4,148,128,3,4,4
624273-588549,40,nearest_active,500,6,6,0,0,6,0.0,6,6,148,128,12,6,6
624273-588549,100,base,100,0,0,0,0,0,0.0,0,0,147,127,1,0,0
624273-588549,100,base,500,4,3,1,0,2,2.0,4,3,147,127,1,4,4
624273-588549,100,headft,100,4,3,1,0,2,1.0,4,3,147,127,1,4,4
624273-588549,100,headft,500,12,11,1,0,10,7.0,12,11,147,127,1,12,12
624273-588549,100,nearest_active,100,4,4,0,0,4,0.0,4,4,147,127,3,4,4
624273-588549,100,nearest_active,500,6,5,1,0,5,0.0,6,5,147,127,12,6,6
624273-588549,300,base,100,0,0,0,0,0,0.0,0,0,146,126,1,0,0
624273-588549,300,base,500,4,3,1,0,2,2.0,4,3,146,126,1,4,4
624273-588549,300,headft,100,2,2,0,0,1,1.0,2,2,146,126,1,2,2
624273-588549,300,headft,500,5,4,1,0,3,2.0,5,4,146,126,1,5,5
624273-588549,300,nearest_active,100,4,3,1,0,3,0.0,4,3,146,126,3,4,4
624273-588549,300,nearest_active,500,6,4,2,0,4,0.0,6,4,146,126,15,6,6
1053173-743445,40,base,100,4,4,0,0,3,,4,4,131,116,1,4,4
1053173-743445,40,base,500,21,18,3,0,16,,19,18,131,116,1,21,21
1053173-743445,40,headft,100,10,9,1,0,8,,10,9,131,116,1,10,10
1053173-743445,40,headft,500,22,20,2,0,19,,20,19,131,116,1,22,22
1053173-743445,100,base,100,4,4,0,0,2,4.0,4,4,127,112,1,4,4
1053173-743445,100,base,500,21,17,4,0,13,18.0,19,17,127,112,1,21,21
1053173-743445,100,headft,100,8,7,1,0,7,3.0,8,7,127,112,1,8,8
1053173-743445,100,headft,500,25,21,4,0,19,18.0,22,19,127,112,1,25,25
1053173-743445,100,nearest_active,100,8,7,1,0,7,0.0,7,6,127,112,21,8,8
1053173-743445,100,nearest_active,500,12,11,1,0,9,1.0,11,10,127,112,1,12,12
1053173-743445,300,base,100,4,3,1,0,1,4.0,4,3,120,107,1,4,4
1053173-743445,300,base,500,21,15,6,0,11,18.0,19,15,120,107,1,21,21
1053173-743445,300,headft,100,12,11,1,0,10,2.0,10,9,120,107,1,12,12
1053173-743445,300,headft,500,23,20,3,0,18,13.0,21,18,120,107,1,23,23
1053173-743445,300,nearest_active,100,8,7,1,0,7,0.0,7,6,120,107,2,8,8
1053173-743445,300,nearest_active,500,12,11,1,0,10,0.0,10,9,120,107,10,12,12
