target,N,stratum,model,n_eval,n_active,ap,ef1
588689,40,all,base,49685,396,0.09604197341995183,18.17633071154198
588689,40,all,headft,49685,396,0.16493089453690302,27.01204702965266
588689,40,all,nearest_active,49685,396,0.020464090311779044,5.80632786618702
588689,40,murcko_seen_any,base,26,2,,
588689,40,murcko_seen_any,headft,26,2,,
588689,40,murcko_seen_any,nearest_active,26,2,,
588689,40,murcko_unseen_any,base,49576,393,0.09669813676025756,18.56607567922515
588689,40,murcko_unseen_any,headft,49576,393,0.16539362195425517,26.958959205450217
588689,40,murcko_unseen_any,nearest_active,49576,393,0.019473292767729695,5.340925880325043
588689,40,murcko_unseen_active,base,49594,393,0.09637650175216357,18.572816629729953
588689,40,murcko_unseen_active,headft,49594,393,0.16521167931364444,26.96874743495034
588689,40,murcko_unseen_active,nearest_active,49594,393,0.01920037530887453,5.34286505786752
588689,40,generic_unseen_any,base,49031,387,0.09765731330962427,18.874982861361598
588689,40,generic_unseen_any,headft,49031,387,0.16126879673999658,26.890386542213783
588689,40,generic_unseen_any,nearest_active,49031,387,0.01776730872581922,5.171228181194958
588689,40,acyclic,base,83,1,,
588689,40,acyclic,headft,83,1,,
588689,40,acyclic,nearest_active,83,1,,
588689,40,canonical_not_in_training,base,49685,396,0.09604197341995183,18.17633071154198
588689,40,canonical_not_in_training,headft,49685,396,0.16493089453690302,27.01204702965266
588689,40,canonical_not_in_training,nearest_active,49685,396,0.020464090311779044,5.80632786618702
588689,40,similarity_any_lt03,base,47527,352,0.09154204790819442,18.76065789473684
588689,40,similarity_any_lt03,headft,47527,352,0.13522710321798315,25.86696770334928
588689,40,similarity_any_lt03,nearest_active,47527,352,0.01126324707690025,1.421261961722488
588689,40,similarity_active_lt03,base,48687,360,0.0839060045633647,17.217624914442162
588689,40,similarity_active_lt03,headft,48687,360,0.12998259778170274,25.27103011635866
588689,40,similarity_active_lt03,nearest_active,48687,360,0.011388845901798478,1.9439253935660508
588689,40,similarity_active_03_04,base,898,25,0.2819893072642835,11.973333333333333
588689,40,similarity_active_03_04,headft,898,25,0.5539393397288067,31.928888888888885
588689,40,similarity_active_03_04,nearest_active,898,25,0.02918338867449733,0.0
588689,40,similarity_active_04_055,base,91,9,,
588689,40,similarity_active_04_055,headft,91,9,,
588689,40,similarity_active_04_055,nearest_active,91,9,,
588689,40,similarity_active_ge055,base,9,2,,
588689,40,similarity_active_ge055,headft,9,2,,
588689,40,similarity_active_ge055,nearest_active,9,2,,
588689,100,all,base,49685,396,0.09604197341995183,18.17633071154198
588689,100,all,headft,49685,396,0.2020049025869162,30.798782594557238
588689,100,all,nearest_active,49685,396,0.04327328792871277,8.330818242790073
588689,100,murcko_seen_any,base,161,16,0.38149004815852494,5.03125
588689,100,murcko_seen_any,headft,161,16,0.597296866690249,5.03125
588689,100,murcko_seen_any,nearest_active,161,16,0.5135574641863905,10.0625
588689,100,murcko_unseen_any,base,49441,379,0.0902225028333447,17.956843600781944
588689,100,murcko_unseen_any,headft,49441,379,0.18898961609294315,30.368191383675345
588689,100,murcko_unseen_any,nearest_active,49441,379,0.022738232643173317,5.281424588465278
588689,100,murcko_unseen_active,base,49526,379,0.0896149155913008,17.951376562458357
588689,100,murcko_unseen_active,headft,49526,379,0.18821833507437988,30.358945657098694
588689,100,murcko_unseen_active,nearest_active,49526,379,0.02253543636658823,5.2798166360171646
588689,100,generic_unseen_any,base,47741,360,0.09243100504840025,18.90512462147682
588689,100,generic_unseen_any,headft,47741,360,0.19411077270020136,31.41586885627766
588689,100,generic_unseen_any,nearest_active,47741,360,0.021700397606555157,5.282314232471465
588689,100,acyclic,base,83,1,,
588689,100,acyclic,headft,83,1,,
588689,100,acyclic,nearest_active,83,1,,
588689,100,canonical_not_in_training,base,49685,396,0.09604197341995183,18.17633071154198
588689,100,canonical_not_in_training,headft,49685,396,0.2020049025869162,30.798782594557238
588689,100,canonical_not_in_training,nearest_active,49685,396,0.04327328792871277,8.330818242790073
588689,100,similarity_any_lt03,base,42866,288,0.08204046255770879,19.77598096348096
588689,100,similarity_any_lt03,headft,42866,288,0.14877721055626927,29.143550893550895
588689,100,similarity_any_lt03,nearest_active,42866,288,0.01089622713181661,2.0816822066822067
588689,100,similarity_active_lt03,base,47873,323,0.07270911704188411,17.018265607528583
588689,100,similarity_active_lt03,headft,47873,323,0.14131197598175246,28.46691701622963
588689,100,similarity_active_lt03,nearest_active,47873,323,0.01152221114792118,2.16596107732182
588689,100,similarity_active_03_04,base,1586,47,0.2568271328038466,8.436170212765958
588689,100,similarity_active_03_04,headft,1586,47,0.43555710351452165,18.981382978723406
588689,100,similarity_active_03_04,nearest_active,1586,47,0.029287524870123684,0.0
588689,100,similarity_active_04_055,base,195,16,0.4444743419008125,6.09375
588689,100,similarity_active_04_055,headft,195,16,0.511585536804243,6.09375
588689,100,similarity_active_04_055,nearest_active,195,16,0.39792561138935717,12.1875
588689,100,similarity_active_ge055,base,31,10,0.5292809042809042,0.0
588689,100,similarity_active_ge055,headft,31,10,0.5916773504273505,3.1
588689,100,similarity_active_ge055,nearest_active,31,10,0.47151040626510554,3.1
588689,300,all,base,49685,396,0.09604197341995183,18.17633071154198
588689,300,all,headft,49685,396,0.236604751871953,31.80857874519846
588689,300,all,nearest_active,49685,396,0.16570285462010112,24.99245472837022
588689,300,murcko_seen_any,base,1500,77,0.2687808118831529,3.896103896103896
588689,300,murcko_seen_any,headft,1500,77,0.6763898193701139,16.883116883116884
588689,300,murcko_seen_any,nearest_active,1500,77,0.6735928079947128,16.883116883116884
588689,300,murcko_unseen_any,base,48102,318,0.0791832817091141,16.66735966735967
588689,300,murcko_unseen_any,headft,48102,318,0.13728124235902386,26.416192680343624
588689,300,murcko_unseen_any,nearest_active,48102,318,0.033283260613323463,12.893617855882008
588689,300,murcko_unseen_active,base,49393,323,0.07528814032995705,16.096789962522404
588689,300,murcko_unseen_active,headft,49393,323,0.13069117423297733,24.45473859690904
588689,300,murcko_unseen_active,nearest_active,49393,323,0.03210603081841244,12.691699778142667
588689,300,generic_unseen_any,base,44348,284,0.08326786939736074,17.977204082281496
588689,300,generic_unseen_any,headft,44348,284,0.14255325639354796,26.084570629192765
588689,300,generic_unseen_any,nearest_active,44348,284,0.035009654152511366,13.042285314596382
588689,300,acyclic,base,83,1,,
588689,300,acyclic,headft,83,1,,
588689,300,acyclic,nearest_active,83,1,,
588689,300,canonical_not_in_training,base,49685,396,0.09604197341995183,18.17633071154198
588689,300,canonical_not_in_training,headft,49685,396,0.236604751871953,31.80857874519846
588689,300,canonical_not_in_training,nearest_active,49685,396,0.16570285462010112,24.99245472837022
588689,300,similarity_any_lt03,base,35830,171,0.06296865540356744,21.655558822568526
588689,300,similarity_any_lt03,headft,35830,171,0.06744053641397957,23.99670031690026
588689,300,similarity_any_lt03,nearest_active,35830,171,0.007089701396099648,2.341141494331733
588689,300,similarity_active_lt03,base,45338,220,0.04695086067000808,14.102729279550472
588689,300,similarity_active_lt03,headft,45338,220,0.0625248709150249,21.83648404575557
588689,300,similarity_active_lt03,nearest_active,45338,220,0.007308796741434957,2.274633754766205
588689,300,similarity_active_03_04,base,3760,67,0.19984759606161545,16.24509033778476
588689,300,similarity_active_03_04,headft,3760,67,0.23052151274360236,17.72191673212883
588689,300,similarity_active_03_04,nearest_active,3760,67,0.021193566514645323,1.476826394344069
588689,300,similarity_active_04_055,base,471,53,0.2973065715475586,1.7773584905660378
588689,300,similarity_active_04_055,headft,471,53,0.6010339567484864,8.88679245283019
588689,300,similarity_active_04_055,nearest_active,471,53,0.1940208711800378,3.5547169811320756
588689,300,similarity_active_ge055,base,116,56,0.6792839834704792,0.0
588689,300,similarity_active_ge055,headft,116,56,0.7502490511731151,2.071428571428571
588689,300,similarity_active_ge055,nearest_active,116,56,0.722319215541481,2.071428571428571
540297-493091,40,all,base,49685,739,0.059167923293326534,7.169689313145449
540297-493091,40,all,headft,49685,739,0.07935336040161028,10.957449704995875
540297-493091,40,all,nearest_active,49685,739,0.028301128501686104,3.652483234998625
540297-493091,40,murcko_seen_any,base,40,5,,
540297-493091,40,murcko_seen_any,headft,40,5,,
540297-493091,40,murcko_seen_any,nearest_active,40,5,,
540297-493091,40,murcko_unseen_any,base,49581,734,0.05842997632034381,7.081754856289004
540297-493091,40,murcko_unseen_any,headft,49581,734,0.07607465488282052,10.622632284433505
540297-493091,40,murcko_unseen_any,nearest_active,49581,734,0.027596617703626057,3.540877428144502
540297-493091,40,murcko_unseen_active,base,49618,738,0.05837449885897179,7.048627502404057
540297-493091,40,murcko_unseen_active,headft,49618,738,0.07711634873395602,10.844042311390856
540297-493091,40,murcko_unseen_active,nearest_active,49618,738,0.0278056946642211,3.5243137512020284
540297-493091,40,generic_unseen_any,base,47982,724,0.059475683381259595,7.179627071823205
540297-493091,40,generic_unseen_any,headft,47982,724,0.07700983475205823,10.631370856353593
540297-493091,40,generic_unseen_any,nearest_active,47982,724,0.02830090838654247,3.5898135359116026
540297-493091,40,acyclic,base,64,0,,
540297-493091,40,acyclic,headft,64,0,,
540297-493091,40,acyclic,nearest_active,64,0,,
540297-493091,40,canonical_not_in_training,base,49685,739,0.059167923293326534,7.169689313145449
540297-493091,40,canonical_not_in_training,headft,49685,739,0.07935336040161028,10.957449704995875
540297-493091,40,canonical_not_in_training,nearest_active,49685,739,0.028301128501686104,3.652483234998625
540297-493091,40,similarity_any_lt03,base,47589,664,0.052011782328059156,6.474407082109953
540297-493091,40,similarity_any_lt03,headft,47589,664,0.06466628534931289,9.63632681988458
540297-493091,40,similarity_any_lt03,nearest_active,47589,664,0.02101848139952867,1.9573788852890555
540297-493091,40,similarity_active_lt03,base,48965,706,0.05464340856865382,6.510926750303521
540297-493091,40,similarity_active_lt03,headft,48965,706,0.0731581850528779,10.757183326588427
540297-493091,40,similarity_active_lt03,nearest_active,48965,706,0.02292690970127804,2.5477539457709435
540297-493091,40,similarity_active_03_04,base,661,28,0.19274860533989743,13.489795918367347
540297-493091,40,similarity_active_03_04,headft,661,28,0.16955476687732782,6.744897959183674
540297-493091,40,similarity_active_03_04,nearest_active,661,28,0.06792831648388842,0.0
540297-493091,40,similarity_active_04_055,base,55,3,,
540297-493091,40,similarity_active_04_055,headft,55,3,,
540297-493091,40,similarity_active_04_055,nearest_active,55,3,,
540297-493091,40,similarity_active_ge055,base,4,2,,
540297-493091,40,similarity_active_ge055,headft,4,2,,
540297-493091,40,similarity_active_ge055,nearest_active,4,2,,
540297-493091,100,all,base,49685,739,0.059167923293326534,7.169689313145449
540297-493091,100,all,headft,49685,739,0.08120217348545652,12.174944116662083
540297-493091,100,all,nearest_active,49685,739,0.035127279020624694,4.32886901925763
540297-493091,100,murcko_seen_any,base,156,7,,
540297-493091,100,murcko_seen_any,headft,156,7,,
540297-493091,100,murcko_seen_any,nearest_active,156,7,,
540297-493091,100,murcko_unseen_any,base,49465,732,0.0586804886838571,6.962286802450737
540297-493091,100,murcko_unseen_any,headft,49465,732,0.07863710439475888,11.467295909918862
540297-493091,100,murcko_unseen_any,nearest_active,49465,732,0.029076888086042675,3.6859165424739193
540297-493091,100,murcko_unseen_active,base,49597,733,0.057793637456327235,6.95728721999736
540297-493091,100,murcko_unseen_active,headft,49597,733,0.07842658710182188,11.459061303525061
540297-493091,100,murcko_unseen_active,nearest_active,49597,733,0.028975757828510907,3.6832697047044842
540297-493091,100,generic_unseen_any,base,46963,716,0.06030660265178067,6.97774277903245
540297-493091,100,generic_unseen_any,headft,46963,716,0.080122992594652,11.722607868774517
540297-493091,100,generic_unseen_any,nearest_active,46963,716,0.029721448232120022,3.488871389516225
540297-493091,100,acyclic,base,64,0,,
540297-493091,100,acyclic,headft,64,0,,
540297-493091,100,acyclic,nearest_active,64,0,,
540297-493091,100,canonical_not_in_training,base,49685,739,0.059167923293326534,7.169689313145449
540297-493091,100,canonical_not_in_training,headft,49685,739,0.08120217348545652,12.174944116662083
540297-493091,100,canonical_not_in_training,nearest_active,49685,739,0.035127279020624694,4.32886901925763
540297-493091,100,similarity_any_lt03,base,43718,574,0.0508145738425862,6.622935918800182
540297-493091,100,similarity_any_lt03,headft,43718,574,0.06397217048581075,10.805842814884505
540297-493091,100,similarity_any_lt03,nearest_active,43718,574,0.01858280133482671,1.9171656607053156
540297-493091,100,similarity_active_lt03,base,48184,665,0.052514942236128216,6.614344991108476
540297-493091,100,similarity_active_lt03,headft,48184,665,0.06741281349662374,10.222169531713101
540297-493091,100,similarity_active_lt03,nearest_active,48184,665,0.021316609503869807,2.2548903378778897
540297-493091,100,similarity_active_03_04,base,1329,58,0.13676570447100359,7.050397877984085
540297-493091,100,similarity_active_03_04,headft,1329,58,0.19880527327460715,10.575596816976127
540297-493091,100,similarity_active_03_04,nearest_active,1329,58,0.05115687594974017,0.0
540297-493091,100,similarity_active_04_055,base,155,9,,
540297-493091,100,similarity_active_04_055,headft,155,9,,
540297-493091,100,similarity_active_04_055,nearest_active,155,9,,
540297-493091,100,similarity_active_ge055,base,17,7,,
540297-493091,100,similarity_active_ge055,headft,17,7,,
540297-493091,100,similarity_active_ge055,nearest_active,17,7,,
540297-493091,300,all,base,49685,739,0.059167923293326534,7.169689313145449
540297-493091,300,all,headft,49685,739,0.09464320793871993,13.933547155735495
540297-493091,300,all,nearest_active,49685,739,0.08893794557617485,11.092726861847677
540297-493091,300,murcko_seen_any,base,803,35,0.189132519610827,2.867857142857143
540297-493091,300,murcko_seen_any,headft,803,35,0.41678915875657013,14.339285714285714
540297-493091,300,murcko_seen_any,nearest_active,803,35,0.6947875039332447,20.075
540297-493091,300,murcko_unseen_any,base,48818,704,0.053625405037650696,6.110207479508197
540297-493091,300,murcko_unseen_any,headft,48818,704,0.0807291894555931,12.646708504098362
540297-493091,300,murcko_unseen_any,nearest_active,48818,704,0.051855813857459104,8.66796875
540297-493091,300,murcko_unseen_active,base,49567,712,0.05266405811664248,6.175663736861182
540297-493091,300,murcko_unseen_active,headft,49567,712,0.07965157082133117,12.351327473722364
540297-493091,300,murcko_unseen_active,nearest_active,49567,712,0.05007790773314778,8.561715635193911
540297-493091,300,generic_unseen_any,base,42584,662,0.05788481190980976,6.342027998808561
540297-493091,300,generic_unseen_any,headft,42584,662,0.08407304395661122,12.684055997617122
540297-493091,300,generic_unseen_any,nearest_active,42584,662,0.054987856350265964,8.45603733174475
540297-493091,300,acyclic,base,64,0,,
540297-493091,300,acyclic,headft,64,0,,
540297-493091,300,acyclic,nearest_active,64,0,,
540297-493091,300,canonical_not_in_training,base,49685,739,0.059167923293326534,7.169689313145449
540297-493091,300,canonical_not_in_training,headft,49685,739,0.09464320793871993,13.933547155735495
540297-493091,300,canonical_not_in_training,nearest_active,49685,739,0.08893794557617485,11.092726861847677
540297-493091,300,similarity_any_lt03,base,35763,368,0.03568007660597815,6.514998785523439
540297-493091,300,similarity_any_lt03,headft,35763,368,0.045679733368015035,9.501039895555015
540297-493091,300,similarity_any_lt03,nearest_active,35763,368,0.016257823319094394,2.7145828273014327
540297-493091,300,similarity_active_lt03,base,45526,508,0.03708617657075044,6.30281214848144
540297-493091,300,similarity_active_lt03,headft,45526,508,0.04958349127591374,10.832958380202475
540297-493091,300,similarity_active_lt03,nearest_active,45526,508,0.018318493865767064,2.166591676040495
540297-493091,300,similarity_active_03_04,base,3642,148,0.10188803039468161,4.101351351351351
540297-493091,300,similarity_active_03_04,headft,3642,148,0.13436283966926366,4.78490990990991
540297-493091,300,similarity_active_03_04,nearest_active,3642,148,0.05361068434063858,2.734234234234234
540297-493091,300,similarity_active_04_055,base,459,52,0.18250429193247442,0.0
540297-493091,300,similarity_active_04_055,headft,459,52,0.24339120246135065,5.296153846153846
540297-493091,300,similarity_active_04_055,nearest_active,459,52,0.1707733316199411,3.530769230769231
540297-493091,300,similarity_active_ge055,base,58,31,0.7300198715374213,1.870967741935484
540297-493091,300,similarity_active_ge055,headft,58,31,0.686746197958048,1.870967741935484
540297-493091,300,similarity_active_ge055,nearest_active,58,31,0.785912606215474,1.870967741935484
434954-2097,40,all,base,49615,415,0.0810372751713675,18.077754566653713
434954-2097,40,all,headft,49615,415,0.07511602439664995,16.390497473766032
434954-2097,40,all,nearest_active,49615,415,0.1274755037784119,24.10367275553828
434954-2097,40,murcko_seen_any,base,65,8,,
434954-2097,40,murcko_seen_any,headft,65,8,,
434954-2097,40,murcko_seen_any,nearest_active,65,8,,
434954-2097,40,murcko_unseen_any,base,49479,407,0.07596825043724753,17.682912664730846
434954-2097,40,murcko_unseen_any,headft,49479,407,0.06913077832626961,14.981356563174746
434954-2097,40,murcko_unseen_any,nearest_active,49479,407,0.11042923697913697,22.840428858610675
434954-2097,40,murcko_unseen_active,base,49488,407,0.07550966761144151,17.686129104310922
434954-2097,40,murcko_unseen_active,headft,49488,407,0.06909512574392707,14.984081602263423
434954-2097,40,murcko_unseen_active,nearest_active,49488,407,0.11040244883343019,22.84458342640161
434954-2097,40,generic_unseen_any,base,48103,376,0.06781592750670543,16.75636417923652
434954-2097,40,generic_unseen_any,headft,48103,376,0.0551155785338041,11.968831556597515
434954-2097,40,generic_unseen_any,nearest_active,48103,376,0.086611427627945,20.214026628920248
434954-2097,40,acyclic,base,71,0,,
434954-2097,40,acyclic,headft,71,0,,
434954-2097,40,acyclic,nearest_active,71,0,,
434954-2097,40,canonical_not_in_training,base,49615,415,0.0810372751713675,18.077754566653713
434954-2097,40,canonical_not_in_training,headft,49615,415,0.07511602439664995,16.390497473766032
434954-2097,40,canonical_not_in_training,nearest_active,49615,415,0.1274755037784119,24.10367275553828
434954-2097,40,similarity_any_lt03,base,46250,264,0.049709372165191425,15.926308539944904
434954-2097,40,similarity_any_lt03,headft,46250,264,0.029726827023688947,7.5839564475928105
434954-2097,40,similarity_any_lt03,nearest_active,46250,264,0.005765612217320207,0.0
434954-2097,40,similarity_active_lt03,base,47414,267,0.046403096423462915,15.734983169771963
434954-2097,40,similarity_active_lt03,headft,47414,267,0.028671703449382403,7.1182066720396975
434954-2097,40,similarity_active_lt03,nearest_active,47414,267,0.005631277015554976,0.0
434954-2097,40,similarity_active_03_04,base,1959,79,0.15321272654524656,2.4797468354430383
434954-2097,40,similarity_active_03_04,headft,1959,79,0.1928481855899321,7.439240506329114
434954-2097,40,similarity_active_03_04,nearest_active,1959,79,0.19205620558466874,9.918987341772153
434954-2097,40,similarity_active_04_055,base,226,57,0.5813872302836912,3.9649122807017543
434954-2097,40,similarity_active_04_055,headft,226,57,0.5930971767916638,1.9824561403508771
434954-2097,40,similarity_active_04_055,nearest_active,226,57,0.33843755165690936,0.0
434954-2097,40,similarity_active_ge055,base,16,12,1.0,1.3333333333333333
434954-2097,40,similarity_active_ge055,headft,16,12,1.0,1.3333333333333333
434954-2097,40,similarity_active_ge055,nearest_active,16,12,0.8196669071669073,1.3333333333333333
434954-2097,100,all,base,49615,415,0.0810372751713675,18.077754566653713
434954-2097,100,all,headft,49615,415,0.10387201583755937,22.17537893509522
434954-2097,100,all,nearest_active,49615,415,0.21504190605289536,29.406480761756708
434954-2097,100,murcko_seen_any,base,174,28,0.6742827416939493,3.107142857142857
434954-2097,100,murcko_seen_any,headft,174,28,0.8260446000185887,6.214285714285714
434954-2097,100,murcko_seen_any,nearest_active,174,28,0.8009803937627221,6.214285714285714
434954-2097,100,murcko_unseen_any,base,49370,387,0.06118141409951738,14.97797863770936
434954-2097,100,murcko_unseen_any,headft,49370,387,0.07430226680933863,17.56038874765925
434954-2097,100,murcko_unseen_any,nearest_active,49370,387,0.16162606246290698,25.824101099498893
434954-2097,100,murcko_unseen_active,base,49433,388,0.06109064800201886,15.216343545223092
434954-2097,100,murcko_unseen_active,headft,49433,388,0.07454602266850388,17.537480696189323
434954-2097,100,murcko_unseen_active,nearest_active,49433,388,0.16116175794533089,25.790412788513713
434954-2097,100,generic_unseen_any,base,46594,343,0.056658845080448376,15.741413180845605
434954-2097,100,generic_unseen_any,headft,46594,343,0.05043235684358411,13.409351968868478
434954-2097,100,generic_unseen_any,nearest_active,46594,343,0.11730747218814683,20.988550907794142
434954-2097,100,acyclic,base,71,0,,
434954-2097,100,acyclic,headft,71,0,,
434954-2097,100,acyclic,nearest_active,71,0,,
434954-2097,100,canonical_not_in_training,base,49615,415,0.0810372751713675,18.077754566653713
434954-2097,100,canonical_not_in_training,headft,49615,415,0.10387201583755937,22.17537893509522
434954-2097,100,canonical_not_in_training,nearest_active,49615,415,0.21504190605289536,29.406480761756708
434954-2097,100,similarity_any_lt03,base,42489,212,0.030567341078676518,9.903096559378469
434954-2097,100,similarity_any_lt03,headft,42489,212,0.021629495745027878,7.07364039955605
434954-2097,100,similarity_any_lt03,nearest_active,42489,212,0.006899054908270672,1.4147280799112099
434954-2097,100,similarity_active_lt03,base,46091,226,0.02803788585265,10.617395811337415
434954-2097,100,similarity_active_lt03,headft,46091,226,0.02042750934519248,6.635872382085884
434954-2097,100,similarity_active_lt03,nearest_active,46091,226,0.006406303199068817,1.327174476417177
434954-2097,100,similarity_active_03_04,base,3000,67,0.08131624664881874,4.477611940298508
434954-2097,100,similarity_active_03_04,headft,3000,67,0.08002443557844902,5.970149253731343
434954-2097,100,similarity_active_03_04,nearest_active,3000,67,0.0654952688085907,2.9850746268656714
434954-2097,100,similarity_active_04_055,base,437,62,0.29266726184272296,1.7620967741935485
434954-2097,100,similarity_active_04_055,headft,437,62,0.46728540318764633,3.524193548387097
434954-2097,100,similarity_active_04_055,nearest_active,437,62,0.28212412329355174,0.0
434954-2097,100,similarity_active_ge055,base,87,60,0.8456304196748607,1.45
434954-2097,100,similarity_active_ge055,headft,87,60,0.8256783918148191,1.45
434954-2097,100,similarity_active_ge055,nearest_active,87,60,0.7781789516124532,1.45
434954-2097,300,all,base,49615,415,0.0810372751713675,18.077754566653713
434954-2097,300,all,headft,49615,415,0.2857676119980832,32.780994947532065
434954-2097,300,all,nearest_active,49615,415,0.3029385041499828,39.2889865915274
434954-2097,300,murcko_seen_any,base,2230,77,0.32566091439171696,13.164108618654073
434954-2097,300,murcko_seen_any,headft,2230,77,0.6675721589397772,27.644628099173556
434954-2097,300,murcko_seen_any,nearest_active,2230,77,0.7175099799002732,25.011806375442738
434954-2097,300,murcko_unseen_any,base,47314,338,0.050443438255959344,14.50133229918561
434954-2097,300,murcko_unseen_any,headft,47314,338,0.19785093649069066,26.931045698487562
434954-2097,300,murcko_unseen_any,nearest_active,47314,338,0.19819319412060837,30.186446826876168
434954-2097,300,murcko_unseen_active,base,49349,351,0.04982588119461577,13.973989124090544
434954-2097,300,murcko_unseen_active,headft,49349,351,0.19049435874969547,25.951694087596724
434954-2097,300,murcko_unseen_active,nearest_active,49349,351,0.18969983838288448,29.659078957253396
434954-2097,300,generic_unseen_any,base,41367,266,0.0474839916666615,13.52304674730304
434954-2097,300,generic_unseen_any,headft,41367,266,0.14466515185041773,23.66533180778032
434954-2097,300,generic_unseen_any,nearest_active,41367,266,0.15294720289638475,25.919172932330824
434954-2097,300,acyclic,base,71,0,,
434954-2097,300,acyclic,headft,71,0,,
434954-2097,300,acyclic,nearest_active,71,0,,
434954-2097,300,canonical_not_in_training,base,49615,415,0.0810372751713675,18.077754566653713
434954-2097,300,canonical_not_in_training,headft,49615,415,0.2857676119980832,32.780994947532065
434954-2097,300,canonical_not_in_training,nearest_active,49615,415,0.3029385041499828,39.2889865915274
434954-2097,300,similarity_any_lt03,base,34409,124,0.024442062278204654,12.099939047261815
434954-2097,300,similarity_any_lt03,headft,34409,124,0.029913304409078623,12.099939047261815
434954-2097,300,similarity_any_lt03,nearest_active,34409,124,0.005087878805562214,2.419987809452363
434954-2097,300,similarity_active_lt03,base,44512,178,0.02192745212197521,10.115086478979926
434954-2097,300,similarity_active_lt03,headft,44512,178,0.025310514972131996,11.238984976644362
434954-2097,300,similarity_active_lt03,nearest_active,44512,178,0.00544603462682,1.1238984976644364
434954-2097,300,similarity_active_03_04,base,4339,69,0.05755620446621025,8.774519716885742
434954-2097,300,similarity_active_03_04,headft,4339,69,0.11613992904227632,14.624199528142904
434954-2097,300,similarity_active_03_04,nearest_active,4339,69,0.05512822044426153,5.849679811257161
434954-2097,300,similarity_active_04_055,base,586,59,0.19676768927872124,1.655367231638418
434954-2097,300,similarity_active_04_055,headft,586,59,0.3286021268559592,8.27683615819209
434954-2097,300,similarity_active_04_055,nearest_active,586,59,0.26747604544224163,3.310734463276836
434954-2097,300,similarity_active_ge055,base,178,109,0.7079051021110396,1.6330275229357796
434954-2097,300,similarity_active_ge055,headft,178,109,0.8727463166201839,1.6330275229357796
434954-2097,300,similarity_active_ge055,nearest_active,178,109,0.7870907620785861,1.6330275229357796
463203-2650,40,all,base,49582,542,0.07122135724788917,13.83261665277943
463203-2650,40,all,headft,49582,542,0.041732761884973976,5.717481549815498
463203-2650,40,all,nearest_active,49582,542,0.015145205109993919,2.0287837757409832
463203-2650,40,murcko_seen_any,base,65,7,,
463203-2650,40,murcko_seen_any,headft,65,7,,
463203-2650,40,murcko_seen_any,nearest_active,65,7,,
463203-2650,40,murcko_unseen_any,base,49429,535,0.06844027718376954,13.465844337659389
463203-2650,40,murcko_unseen_any,headft,49429,535,0.040320792521912265,5.79779408982557
463203-2650,40,murcko_unseen_any,nearest_active,49429,535,0.012827139936056277,1.6832305422074236
463203-2650,40,murcko_unseen_active,base,49460,540,0.07019572275259674,13.50759446315002
463203-2650,40,murcko_unseen_active,headft,49460,540,0.04134333894954262,5.9211372989150775
463203-2650,40,murcko_unseen_active,nearest_active,49460,540,0.013089022590678944,1.6653198653198653
463203-2650,40,generic_unseen_any,base,48287,521,0.06632994280014579,12.856423584204606
463203-2650,40,generic_unseen_any,headft,48287,521,0.03958343981374411,5.564720655849755
463203-2650,40,generic_unseen_any,nearest_active,48287,521,0.012586426751580436,1.5350953533378637
463203-2650,40,acyclic,base,88,0,,
463203-2650,40,acyclic,headft,88,0,,
463203-2650,40,acyclic,nearest_active,88,0,,
463203-2650,40,canonical_not_in_training,base,49582,542,0.07122135724788917,13.83261665277943
463203-2650,40,canonical_not_in_training,headft,49582,542,0.041732761884973976,5.717481549815498
463203-2650,40,canonical_not_in_training,nearest_active,49582,542,0.015145205109993919,2.0287837757409832
463203-2650,40,similarity_any_lt03,base,46996,469,0.0588124423473727,12.792088191262533
463203-2650,40,similarity_any_lt03,headft,46996,469,0.034632710473030605,4.477230866941887
463203-2650,40,similarity_any_lt03,nearest_active,46996,469,0.010277156605746816,0.6396044095631266
463203-2650,40,similarity_active_lt03,base,48375,522,0.07103032554843101,13.977450840695354
463203-2650,40,similarity_active_lt03,headft,48375,522,0.04101657507155241,5.744157879737817
463203-2650,40,similarity_active_lt03,nearest_active,48375,522,0.011549825489586305,1.1488315759475634
463203-2650,40,similarity_active_03_04,base,1103,14,0.07152592232190716,14.324675324675326
463203-2650,40,similarity_active_03_04,headft,1103,14,0.071142055338441,0.0
463203-2650,40,similarity_active_03_04,nearest_active,1103,14,0.014539686392461164,0.0
463203-2650,40,similarity_active_04_055,base,86,3,,
463203-2650,40,similarity_active_04_055,headft,86,3,,
463203-2650,40,similarity_active_04_055,nearest_active,86,3,,
463203-2650,40,similarity_active_ge055,base,18,3,,
463203-2650,40,similarity_active_ge055,headft,18,3,,
463203-2650,40,similarity_active_ge055,nearest_active,18,3,,
463203-2650,100,all,base,49582,542,0.07122135724788917,13.83261665277943
463203-2650,100,all,headft,49582,542,0.08623843344654077,13.83261665277943
463203-2650,100,all,nearest_active,49582,542,0.03347390746496572,7.192960659445304
463203-2650,100,murcko_seen_any,base,201,14,0.3298169663282904,7.178571428571428
463203-2650,100,murcko_seen_any,headft,201,14,0.39709851584851585,7.178571428571428
463203-2650,100,murcko_seen_any,nearest_active,201,14,0.4005331666133184,14.357142857142856
463203-2650,100,murcko_unseen_any,base,49293,528,0.06662836683415271,13.066326295408446
463203-2650,100,murcko_unseen_any,headft,49293,528,0.07990361522336342,13.066326295408446
463203-2650,100,murcko_unseen_any,nearest_active,49293,528,0.024301451597194747,6.249112576064909
463203-2650,100,murcko_unseen_active,base,49414,535,0.06895639731874441,13.461757917439176
463203-2650,100,murcko_unseen_active,headft,49414,535,0.08208871332715875,13.087820197510311
463203-2650,100,murcko_unseen_active,nearest_active,49414,535,0.025733855030830068,6.5439100987551555
463203-2650,100,generic_unseen_any,base,46602,485,0.06304588161768727,12.371664970576523
463203-2650,100,generic_unseen_any,headft,46602,485,0.07853205530668309,12.5778593867528
463203-2650,100,generic_unseen_any,nearest_active,46602,485,0.019644565724727673,4.742471572054334
463203-2650,100,acyclic,base,88,0,,
463203-2650,100,acyclic,headft,88,0,,
463203-2650,100,acyclic,nearest_active,88,0,,
463203-2650,100,canonical_not_in_training,base,49582,542,0.07122135724788917,13.83261665277943
463203-2650,100,canonical_not_in_training,headft,49582,542,0.08623843344654077,13.83261665277943
463203-2650,100,canonical_not_in_training,nearest_active,49582,542,0.03347390746496572,7.192960659445304
463203-2650,100,similarity_any_lt03,base,43520,407,0.05538059249002331,12.290660566522636
463203-2650,100,similarity_any_lt03,headft,43520,407,0.06593040231082854,13.5197266231749
463203-2650,100,similarity_any_lt03,nearest_active,43520,407,0.009258511731749568,0.9832528453218109
463203-2650,100,similarity_active_lt03,base,47034,479,0.06299635736071885,13.788673211033625
463203-2650,100,similarity_active_lt03,headft,47034,479,0.07134060415894215,12.952996046728556
463203-2650,100,similarity_active_lt03,nearest_active,47034,479,0.010179749622708801,0.8356771643050682
463203-2650,100,similarity_active_03_04,base,2219,32,0.06303721999227323,3.1519886363636362
463203-2650,100,similarity_active_03_04,headft,2219,32,0.10685957806052707,9.455965909090908
463203-2650,100,similarity_active_03_04,nearest_active,2219,32,0.04812648804404515,9.455965909090908
463203-2650,100,similarity_active_04_055,base,287,20,0.29190233507815255,4.783333333333333
463203-2650,100,similarity_active_04_055,headft,287,20,0.27417978924536973,4.783333333333333
463203-2650,100,similarity_active_04_055,nearest_active,287,20,0.16648905831588676,4.783333333333333
463203-2650,100,similarity_active_ge055,base,42,11,0.4589407250503507,0.0
463203-2650,100,similarity_active_ge055,headft,42,11,0.5264785134350352,3.818181818181818
463203-2650,100,similarity_active_ge055,nearest_active,42,11,0.5948309924594509,3.818181818181818
463203-2650,300,all,base,49582,542,0.07122135724788917,13.83261665277943
463203-2650,300,all,headft,49582,542,0.11689150722470924,19.365663313891204
463203-2650,300,all,nearest_active,49582,542,0.11946468589316321,18.812358647780027
463203-2650,300,murcko_seen_any,base,1993,64,0.27831532316289487,10.89921875
463203-2650,300,murcko_seen_any,headft,1993,64,0.42770930199544543,14.013281250000002
463203-2650,300,murcko_seen_any,nearest_active,1993,64,0.5670487621811805,21.7984375
463203-2650,300,murcko_unseen_any,base,47501,478,0.054043286575797156,12.134146663730455
463203-2650,300,murcko_unseen_any,headft,47501,478,0.08012636859567637,14.226240916097774
463203-2650,300,murcko_unseen_any,nearest_active,47501,478,0.054247818061323456,11.924937238493722
463203-2650,300,murcko_unseen_active,base,49218,492,0.05452310254820672,11.589604402141582
463203-2650,300,murcko_unseen_active,headft,49218,492,0.07964823178451153,14.232847511401943
463203-2650,300,murcko_unseen_active,nearest_active,49218,492,0.05354750660501425,12.199583581201665
463203-2650,300,generic_unseen_any,base,40981,405,0.053194408606086235,11.846359530261969
463203-2650,300,generic_unseen_any,headft,40981,405,0.07534322006012999,14.067551942186089
463203-2650,300,generic_unseen_any,nearest_active,40981,405,0.0478894868512006,10.859162902740138
463203-2650,300,acyclic,base,88,0,,
463203-2650,300,acyclic,headft,88,0,,
463203-2650,300,acyclic,nearest_active,88,0,,
463203-2650,300,canonical_not_in_training,base,49582,542,0.07122135724788917,13.83261665277943
463203-2650,300,canonical_not_in_training,headft,49582,542,0.11689150722470924,19.365663313891204
463203-2650,300,canonical_not_in_training,nearest_active,49582,542,0.11946468589316321,18.812358647780027
463203-2650,300,similarity_any_lt03,base,35763,245,0.030049643483552584,9.785794094173983
463203-2650,300,similarity_any_lt03,headft,35763,245,0.04039690090298576,11.416759776536313
463203-2650,300,similarity_any_lt03,nearest_active,35763,245,0.00694053217221714,1.6309656823623306
463203-2650,300,similarity_active_lt03,base,44078,359,0.03810076717893294,10.022852595077028
463203-2650,300,similarity_active_lt03,headft,44078,359,0.04668831875149967,11.414915455504392
463203-2650,300,similarity_active_lt03,nearest_active,44078,359,0.008807166143204948,0.5568251441709461
463203-2650,300,similarity_active_03_04,base,4705,72,0.07137410630781459,5.5614657210401885
463203-2650,300,similarity_active_03_04,headft,4705,72,0.134456338987122,9.73256501182033
463203-2650,300,similarity_active_03_04,nearest_active,4705,72,0.028951905409638996,5.5614657210401885
463203-2650,300,similarity_active_04_055,base,653,45,0.19325181429750482,2.073015873015873
463203-2650,300,similarity_active_04_055,headft,653,45,0.26392006362651865,4.146031746031746
463203-2650,300,similarity_active_04_055,nearest_active,653,45,0.2008192801985197,4.146031746031746
463203-2650,300,similarity_active_ge055,base,146,66,0.5604012890123049,0.0
463203-2650,300,similarity_active_ge055,headft,146,66,0.645874810431655,2.2121212121212124
463203-2650,300,similarity_active_ge055,nearest_active,146,66,0.6032926991990886,2.2121212121212124
493248-485317,40,all,base,49680,953,0.03613745651103383,3.4613557525636507
493248-485317,40,all,headft,49680,953,0.0400696852955058,3.776024457342164
493248-485317,40,all,nearest_active,49680,953,0.04917319635532476,8.810723733798383
493248-485317,40,murcko_seen_any,base,240,5,,
493248-485317,40,murcko_seen_any,headft,240,5,,
493248-485317,40,murcko_seen_any,nearest_active,240,5,,
493248-485317,40,murcko_unseen_any,base,49345,948,0.03655379606319044,3.484190053149151
493248-485317,40,murcko_unseen_any,headft,49345,948,0.041312692696860616,3.906516120197533
493248-485317,40,murcko_unseen_any,nearest_active,49345,948,0.04927103629397371,8.763265891253926
493248-485317,40,murcko_unseen_active,base,49585,953,0.036255298455971,3.4617020106285747
493248-485317,40,murcko_unseen_active,headft,49585,953,0.04021857940713046,3.776402193412991
493248-485317,40,murcko_unseen_active,nearest_active,49585,953,0.0491732053948368,8.811605117963644
493248-485317,40,generic_unseen_any,base,47370,923,0.036987014658874065,3.4647613039483245
493248-485317,40,generic_unseen_any,headft,47370,923,0.040270037025753214,3.681308885445095
493248-485317,40,generic_unseen_any,nearest_active,47370,923,0.04918856598923072,8.661903259870812
493248-485317,40,acyclic,base,95,0,,
493248-485317,40,acyclic,headft,95,0,,
493248-485317,40,acyclic,nearest_active,95,0,,
493248-485317,40,canonical_not_in_training,base,49680,953,0.03613745651103383,3.4613557525636507
493248-485317,40,canonical_not_in_training,headft,49680,953,0.0400696852955058,3.776024457342164
493248-485317,40,canonical_not_in_training,nearest_active,49680,953,0.04917319635532476,8.810723733798383
493248-485317,40,similarity_any_lt03,base,45524,872,0.03589764197086136,3.3274422824881538
493248-485317,40,similarity_any_lt03,headft,45524,872,0.04002734240405993,3.786399838693417
493248-485317,40,similarity_any_lt03,nearest_active,45524,872,0.04818995459514464,8.146496622643411
493248-485317,40,similarity_active_lt03,base,49667,952,0.03595754945594817,3.359112659148167
493248-485317,40,similarity_active_lt03,headft,49667,952,0.03998495245315061,3.8839740121400674
493248-485317,40,similarity_active_lt03,nearest_active,49667,952,0.050465211694142253,8.817670730263936
493248-485317,40,similarity_active_03_04,base,13,1,,
493248-485317,40,similarity_active_03_04,headft,13,1,,
493248-485317,40,similarity_active_03_04,nearest_active,13,1,,
493248-485317,40,similarity_active_04_055,base,0,0,,
493248-485317,40,similarity_active_04_055,headft,0,0,,
493248-485317,40,similarity_active_04_055,nearest_active,0,0,,
493248-485317,40,similarity_active_ge055,base,0,0,,
493248-485317,40,similarity_active_ge055,headft,0,0,,
493248-485317,40,similarity_active_ge055,nearest_active,0,0,,
493248-485317,100,all,base,49680,953,0.03613745651103383,3.4613557525636507
493248-485317,100,all,headft,49680,953,0.04129273188537594,4.090693162120678
493248-485317,100,all,nearest_active,49680,953,0.030349760815003644,2.9369079112661276
493248-485317,100,murcko_seen_any,base,1449,18,0.028690135383173464,0.0
493248-485317,100,murcko_seen_any,headft,1449,18,0.10054282766924995,17.25
493248-485317,100,murcko_seen_any,nearest_active,1449,18,0.04636497662282571,5.75
493248-485317,100,murcko_unseen_any,base,48136,935,0.03686590407384645,3.42502140149199
493248-485317,100,murcko_unseen_any,headft,48136,935,0.041201093066900375,3.7461171578818644
493248-485317,100,murcko_unseen_any,nearest_active,48136,935,0.030902358031992642,2.8898618075088667
493248-485317,100,murcko_unseen_active,base,49567,951,0.03590288800806817,3.362640344628744
493248-485317,100,murcko_unseen_active,headft,49567,951,0.04080291103367994,3.8880528984769858
493248-485317,100,murcko_unseen_active,nearest_active,49567,951,0.03025386120838138,2.837227790780503
493248-485317,100,generic_unseen_any,base,46419,906,0.036200980511947055,3.4230346540306007
493248-485317,100,generic_unseen_any,headft,46419,906,0.04027208257328696,3.4230346540306007
493248-485317,100,generic_unseen_any,nearest_active,46419,906,0.03158438959710094,2.9813527631879424
493248-485317,100,acyclic,base,95,0,,
493248-485317,100,acyclic,headft,95,0,,
493248-485317,100,acyclic,nearest_active,95,0,,
493248-485317,100,canonical_not_in_training,base,49680,953,0.03613745651103383,3.4613557525636507
493248-485317,100,canonical_not_in_training,headft,49680,953,0.04129273188537594,4.090693162120678
493248-485317,100,canonical_not_in_training,nearest_active,49680,953,0.030349760815003644,2.9369079112661276
493248-485317,100,similarity_any_lt03,base,40539,770,0.03435011907217318,3.11988455988456
493248-485317,100,similarity_any_lt03,headft,40539,770,0.039096863292475345,3.76986050986051
493248-485317,100,similarity_any_lt03,nearest_active,40539,770,0.025187717286513298,1.9499278499278496
493248-485317,100,similarity_active_lt03,base,48916,917,0.034063717340122236,3.0544341934778876
493248-485317,100,similarity_active_lt03,headft,48916,917,0.0377308346264078,3.8180427418473593
493248-485317,100,similarity_active_lt03,nearest_active,48916,917,0.02580359944076249,2.508999516071122
493248-485317,100,similarity_active_03_04,base,679,28,0.1027167111903641,0.0
493248-485317,100,similarity_active_03_04,headft,679,28,0.10911817057801465,10.392857142857142
493248-485317,100,similarity_active_03_04,nearest_active,679,28,0.05559012470939759,0.0
493248-485317,100,similarity_active_04_055,base,80,7,,
493248-485317,100,similarity_active_04_055,headft,80,7,,
493248-485317,100,similarity_active_04_055,nearest_active,80,7,,
493248-485317,100,similarity_active_ge055,base,5,1,,
493248-485317,100,similarity_active_ge055,headft,5,1,,
493248-485317,100,similarity_active_ge055,nearest_active,5,1,,
493248-485317,300,all,base,49680,953,0.03613745651103383,3.4613557525636507
493248-485317,300,all,headft,49680,953,0.06039813898551264,7.13249064164631
493248-485317,300,all,nearest_active,49680,953,0.04468560899402616,4.929809708196714
493248-485317,300,murcko_seen_any,base,2301,53,0.0444738625408709,0.0
493248-485317,300,murcko_seen_any,headft,2301,53,0.1542263757941982,11.325676784249385
493248-485317,300,murcko_seen_any,nearest_active,2301,53,0.13968613989195433,13.213289581624284
493248-485317,300,murcko_unseen_any,base,47284,900,0.03608106784895195,3.8875734085036413
493248-485317,300,murcko_unseen_any,headft,47284,900,0.0551605936165578,6.553338031477566
493248-485317,300,murcko_unseen_any,nearest_active,47284,900,0.039667928315867504,5.220455719990603
493248-485317,300,murcko_unseen_active,base,49484,938,0.035108178111163756,3.4104111477245804
493248-485317,300,murcko_unseen_active,headft,49484,938,0.054373328720060315,6.607671598716374
493248-485317,300,murcko_unseen_active,nearest_active,49484,938,0.03918584774750576,4.902466024854085
493248-485317,300,generic_unseen_any,base,41240,712,0.03121556472071463,3.7958165157630632
493248-485317,300,generic_unseen_any,headft,41240,712,0.04448846088161028,5.623431875204538
493248-485317,300,generic_unseen_any,nearest_active,41240,712,0.0383835093796142,5.764017672084652
493248-485317,300,acyclic,base,95,0,,
493248-485317,300,acyclic,headft,95,0,,
493248-485317,300,acyclic,nearest_active,95,0,,
493248-485317,300,canonical_not_in_training,base,49680,953,0.03613745651103383,3.4613557525636507
493248-485317,300,canonical_not_in_training,headft,49680,953,0.06039813898551264,7.13249064164631
493248-485317,300,canonical_not_in_training,nearest_active,49680,953,0.04468560899402616,4.929809708196714
493248-485317,300,similarity_any_lt03,base,30738,581,0.03340339530788781,3.274271586111781
493248-485317,300,similarity_any_lt03,headft,30738,581,0.05136211606186391,5.34223258786659
493248-485317,300,similarity_any_lt03,nearest_active,30738,581,0.027143812902087942,2.584951252193511
493248-485317,300,similarity_active_lt03,base,47560,819,0.028380094865620216,3.0499379238875037
493248-485317,300,similarity_active_lt03,headft,47560,819,0.04262124591911959,5.245893229086506
493248-485317,300,similarity_active_lt03,nearest_active,47560,819,0.025465022564484862,2.8059428899765035
493248-485317,300,similarity_active_03_04,base,1859,101,0.11261569346856704,0.9687337154768109
493248-485317,300,similarity_active_03_04,headft,1859,101,0.13574120844750212,4.843668577384054
493248-485317,300,similarity_active_03_04,nearest_active,1859,101,0.07018271483909842,1.9374674309536217
493248-485317,300,similarity_active_04_055,base,243,27,0.21258739023289597,0.0
493248-485317,300,similarity_active_04_055,headft,243,27,0.24934768057260404,0.0
493248-485317,300,similarity_active_04_055,nearest_active,243,27,0.28193204683038575,9.0
493248-485317,300,similarity_active_ge055,base,18,6,,
493248-485317,300,similarity_active_ge055,headft,18,6,,
493248-485317,300,similarity_active_ge055,nearest_active,18,6,,
504329,40,all,base,49682,438,0.046578069611941234,7.987973503119172
504329,40,all,headft,49682,438,0.11122804000994599,18.486452964361515
504329,40,all,nearest_active,49682,438,0.02927107910052822,5.24923973062117
504329,40,murcko_seen_any,base,13,3,,
504329,40,murcko_seen_any,headft,13,3,,
504329,40,murcko_seen_any,nearest_active,13,3,,
504329,40,murcko_unseen_any,base,49585,433,0.04509487400991817,7.849819339938911
504329,40,murcko_unseen_any,headft,49585,433,0.10548759063100648,17.777532034567535
504329,40,murcko_unseen_any,nearest_active,49585,433,0.020749485950566644,4.617540788199359
504329,40,murcko_unseen_active,base,49595,433,0.04484204627948359,7.851402443567011
504329,40,murcko_unseen_active,headft,49595,433,0.10540649511408115,17.781117298666466
504329,40,murcko_unseen_active,nearest_active,49595,433,0.020748488166307276,4.6184720256276535
504329,40,generic_unseen_any,base,49531,431,0.044634345441052936,7.893571445311585
504329,40,generic_unseen_any,headft,49531,431,0.10218953820966131,17.644453818931776
504329,40,generic_unseen_any,nearest_active,49531,431,0.020026252262192627,4.411113454732944
504329,40,acyclic,base,84,2,,
504329,40,acyclic,headft,84,2,,
504329,40,acyclic,nearest_active,84,2,,
504329,40,canonical_not_in_training,base,49682,438,0.046578069611941234,7.987973503119172
504329,40,canonical_not_in_training,headft,49682,438,0.11122804000994599,18.486452964361515
504329,40,canonical_not_in_training,nearest_active,49682,438,0.02927107910052822,5.24923973062117
504329,40,similarity_any_lt03,base,45226,364,0.042322397825658865,9.071148983759604
504329,40,similarity_any_lt03,headft,45226,364,0.07990478738676975,16.49299815229019
504329,40,similarity_any_lt03,nearest_active,45226,364,0.013140149997290459,3.023716327919868
504329,40,similarity_active_lt03,base,48543,395,0.03959609042592729,7.855059376223411
504329,40,similarity_active_lt03,headft,48543,395,0.07975595244811473,15.710118752446823
504329,40,similarity_active_lt03,nearest_active,48543,395,0.014393152581901159,2.7872791334986298
504329,40,similarity_active_03_04,base,964,27,0.12489233038362242,0.0
504329,40,similarity_active_03_04,headft,964,27,0.24838730794364935,17.85185185185185
504329,40,similarity_active_03_04,nearest_active,964,27,0.023697988194616354,0.0
504329,40,similarity_active_04_055,base,161,13,0.3736579226671285,0.0
504329,40,similarity_active_04_055,headft,161,13,0.6579704886308659,12.384615384615385
504329,40,similarity_active_04_055,nearest_active,161,13,0.216804701935861,0.0
504329,40,similarity_active_ge055,base,14,3,,
504329,40,similarity_active_ge055,headft,14,3,,
504329,40,similarity_active_ge055,nearest_active,14,3,,
504329,100,all,base,49682,438,0.046578069611941234,7.987973503119172
504329,100,all,headft,49682,438,0.1393638093205704,21.681642365609182
504329,100,all,nearest_active,49682,438,0.042901974943885375,6.8468344312450045
504329,100,murcko_seen_any,base,74,7,,
504329,100,murcko_seen_any,headft,74,7,,
504329,100,murcko_seen_any,nearest_active,74,7,,
504329,100,murcko_unseen_any,base,49524,429,0.04449756062363352,7.6960372960372965
504329,100,murcko_unseen_any,headft,49524,429,0.12225928754684917,21.22240587695133
504329,100,murcko_unseen_any,nearest_active,49524,429,0.026328379242786547,5.363904782086601
504329,100,murcko_unseen_active,base,49589,429,0.04372965053357944,7.457553199488683
504329,100,murcko_unseen_active,headft,49589,429,0.12149467829233389,20.7413198360779
504329,100,murcko_unseen_active,nearest_active,49589,429,0.02612952527095895,5.360116362132491
504329,100,generic_unseen_any,base,49267,424,0.044008994418848806,7.542117953232041
504329,100,generic_unseen_any,headft,49267,424,0.11762612020018477,21.68358911554212
504329,100,generic_unseen_any,nearest_active,49267,424,0.025278926665062804,4.949514906808528
504329,100,acyclic,base,84,2,,
504329,100,acyclic,headft,84,2,,
504329,100,acyclic,nearest_active,84,2,,
504329,100,canonical_not_in_training,base,49682,438,0.046578069611941234,7.987973503119172
504329,100,canonical_not_in_training,headft,49682,438,0.1393638093205704,21.681642365609182
504329,100,canonical_not_in_training,nearest_active,49682,438,0.042901974943885375,6.8468344312450045
504329,100,similarity_any_lt03,base,42219,335,0.043550496993666386,9.855181438777675
504329,100,similarity_any_lt03,headft,42219,335,0.0761491339767271,19.11307915399307
504329,100,similarity_any_lt03,nearest_active,42219,335,0.01589572207340923,4.479627926717125
504329,100,similarity_active_lt03,base,48303,373,0.03647144557452907,7.23905550097414
504329,100,similarity_active_lt03,headft,48303,373,0.07874861686648851,18.767921669192216
504329,100,similarity_active_lt03,nearest_active,48303,373,0.016017642587625943,3.4854711671356973
504329,100,similarity_active_03_04,base,1169,41,0.12923225821159615,2.376016260162601
504329,100,similarity_active_03_04,headft,1169,41,0.3089145935048531,14.256097560975608
504329,100,similarity_active_03_04,nearest_active,1169,41,0.030381989450606297,0.0
504329,100,similarity_active_04_055,base,191,17,0.34178861816029865,0.0
504329,100,similarity_active_04_055,headft,191,17,0.6593983887135435,5.61764705882353
504329,100,similarity_active_04_055,nearest_active,191,17,0.16570921489344648,5.61764705882353
504329,100,similarity_active_ge055,base,19,7,,
504329,100,similarity_active_ge055,headft,19,7,,
504329,100,similarity_active_ge055,nearest_active,19,7,,
504329,300,all,base,49682,438,0.046578069611941234,7.987973503119172
504329,300,all,headft,49682,438,0.22188687248436242,31.038982754977358
504329,300,all,nearest_active,49682,438,0.07670236146933741,15.063035748739011
504329,300,murcko_seen_any,base,331,15,0.17049276655235882,7.355555555555555
504329,300,murcko_seen_any,headft,331,15,0.6857900484136621,22.066666666666666
504329,300,murcko_seen_any,nearest_active,331,15,0.527123860724422,14.71111111111111
504329,300,murcko_unseen_any,base,49267,421,0.043688700836852105,8.070603653042838
504329,300,murcko_unseen_any,headft,49267,421,0.2029636664340413,30.146078351071775
504329,300,murcko_unseen_any,nearest_active,49267,421,0.06011071883712483,13.76750034930837
504329,300,murcko_unseen_active,base,49575,426,0.04298959455749436,7.507950931394821
504329,300,murcko_unseen_active,headft,49575,426,0.20160992645756692,29.797180258973196
504329,300,murcko_unseen_active,nearest_active,49575,426,0.05957456859078743,13.842784529759202
504329,300,generic_unseen_any,base,46542,377,0.04179752524325953,8.495730298622401
504329,300,generic_unseen_any,headft,46542,377,0.1863224951290111,28.407598186018657
504329,300,generic_unseen_any,nearest_active,46542,377,0.053796735463923516,11.416137588773852
504329,300,acyclic,base,84,2,,
504329,300,acyclic,headft,84,2,,
504329,300,acyclic,nearest_active,84,2,,
504329,300,canonical_not_in_training,base,49682,438,0.046578069611941234,7.987973503119172
504329,300,canonical_not_in_training,headft,49682,438,0.22188687248436242,31.038982754977358
504329,300,canonical_not_in_training,nearest_active,49682,438,0.07670236146933741,15.063035748739011
504329,300,similarity_any_lt03,base,34058,225,0.03155403607294431,8.434043662430758
504329,300,similarity_any_lt03,headft,34058,225,0.06701117679281234,14.648602150537634
504329,300,similarity_any_lt03,nearest_active,34058,225,0.009839779459467062,1.775588139459107
504329,300,similarity_active_lt03,base,47517,314,0.027911278872623388,6.371706335903453
504329,300,similarity_active_lt03,headft,47517,314,0.09919106570770152,18.159363057324843
504329,300,similarity_active_lt03,nearest_active,47517,314,0.01135451252806706,2.867267851156554
504329,300,similarity_active_03_04,base,1804,62,0.12532292590733168,4.849462365591397
504329,300,similarity_active_03_04,headft,1804,62,0.32073350118865673,12.93189964157706
504329,300,similarity_active_03_04,nearest_active,1804,62,0.035227657545989124,0.0
504329,300,similarity_active_04_055,base,319,49,0.4073206159435219,2.1700680272108843
504329,300,similarity_active_04_055,headft,319,49,0.8180511145602058,6.510204081632653
504329,300,similarity_active_04_055,nearest_active,319,49,0.2921778590681714,2.1700680272108843
504329,300,similarity_active_ge055,base,42,13,0.5545024100951906,3.230769230769231
504329,300,similarity_active_ge055,headft,42,13,0.7676715996554053,3.230769230769231
504329,300,similarity_active_ge055,nearest_active,42,13,0.6238184416202992,3.230769230769231
624273-588549,40,all,base,49687,150,0.006359778320329556,2.6659691482226697
624273-588549,40,all,headft,49687,150,0.00876075244776289,6.664922870556674
624273-588549,40,all,nearest_active,49687,150,0.008964766410409771,3.998953722334004
624273-588549,40,murcko_seen_any,base,1225,1,,
624273-588549,40,murcko_seen_any,headft,1225,1,,
624273-588549,40,murcko_seen_any,nearest_active,1225,1,,
624273-588549,40,murcko_unseen_any,base,48398,148,0.006556754187906386,2.702591020772839
624273-588549,40,murcko_unseen_any,headft,48398,148,0.00896030344529119,6.756477551932098
624273-588549,40,murcko_unseen_any,nearest_active,48398,148,0.011128164082647034,4.053886531159258
624273-588549,40,murcko_unseen_active,base,49619,149,0.006292383088395361,2.6855921195063868
624273-588549,40,murcko_unseen_active,headft,49619,149,0.008700370135202118,6.713980298765967
624273-588549,40,murcko_unseen_active,nearest_active,49619,149,0.010917275182262872,4.02838817925958
624273-588549,40,generic_unseen_any,base,45014,145,0.006862558957670967,2.069609195402299
624273-588549,40,generic_unseen_any,headft,45014,145,0.008903004128207406,6.208827586206897
624273-588549,40,generic_unseen_any,nearest_active,45014,145,0.01156684936331388,4.139218390804598
624273-588549,40,acyclic,base,64,1,,
624273-588549,40,acyclic,headft,64,1,,
624273-588549,40,acyclic,nearest_active,64,1,,
624273-588549,40,canonical_not_in_training,base,49687,150,0.006359778320329556,2.6659691482226697
624273-588549,40,canonical_not_in_training,headft,49687,150,0.00876075244776289,6.664922870556674
624273-588549,40,canonical_not_in_training,nearest_active,49687,150,0.008964766410409771,3.998953722334004
624273-588549,40,similarity_any_lt03,base,44999,131,0.006232662412559314,1.5266836301950806
624273-588549,40,similarity_any_lt03,headft,44999,131,0.006649713776388486,5.343392705682782
624273-588549,40,similarity_any_lt03,nearest_active,44999,131,0.0034134065678584056,0.7633418150975403
624273-588549,40,similarity_active_lt03,base,49511,144,0.005533927446772979,1.3891975308641975
624273-588549,40,similarity_active_lt03,headft,49511,144,0.005937242262788253,3.472993827160494
624273-588549,40,similarity_active_lt03,nearest_active,49511,144,0.003314376320591815,0.6945987654320988
624273-588549,40,similarity_active_03_04,base,135,4,,
624273-588549,40,similarity_active_03_04,headft,135,4,,
624273-588549,40,similarity_active_03_04,nearest_active,135,4,,
624273-588549,40,similarity_active_04_055,base,37,1,,
624273-588549,40,similarity_active_04_055,headft,37,1,,
624273-588549,40,similarity_active_04_055,nearest_active,37,1,,
624273-588549,40,similarity_active_ge055,base,4,1,,
624273-588549,40,similarity_active_ge055,headft,4,1,,
624273-588549,40,similarity_active_ge055,nearest_active,4,1,,
624273-588549,100,all,base,49687,150,0.006359778320329556,2.6659691482226697
624273-588549,100,all,headft,49687,150,0.010322911485890941,7.997907444668008
624273-588549,100,all,nearest_active,49687,150,0.008964766410409771,3.998953722334004
624273-588549,100,murcko_seen_any,base,1388,2,,
624273-588549,100,murcko_seen_any,headft,1388,2,,
624273-588549,100,murcko_seen_any,nearest_active,1388,2,,
624273-588549,100,murcko_unseen_any,base,48235,147,0.006412733766673215,2.0422982470996693
624273-588549,100,murcko_unseen_any,headft,48235,147,0.009879918276743355,7.488426906032122
624273-588549,100,murcko_unseen_any,nearest_active,48235,147,0.014984706853110562,3.4038304118327827
624273-588549,100,murcko_unseen_active,base,49619,149,0.006292383088395361,2.6855921195063868
624273-588549,100,murcko_unseen_active,headft,49619,149,0.010328580140304746,8.05677635851916
624273-588549,100,murcko_unseen_active,nearest_active,49619,149,0.010917275182262872,4.02838817925958
624273-588549,100,generic_unseen_any,base,43279,142,0.0070420603002264845,2.111651432846502
624273-588549,100,generic_unseen_any,headft,43279,142,0.010062169902079286,7.038838109488339
624273-588549,100,generic_unseen_any,nearest_active,43279,142,0.015905131555090605,3.5194190547441697
624273-588549,100,acyclic,base,64,1,,
624273-588549,100,acyclic,headft,64,1,,
624273-588549,100,acyclic,nearest_active,64,1,,
624273-588549,100,canonical_not_in_training,base,49687,150,0.006359778320329556,2.6659691482226697
624273-588549,100,canonical_not_in_training,headft,49687,150,0.010322911485890941,7.997907444668008
624273-588549,100,canonical_not_in_training,nearest_active,49687,150,0.008964766410409771,3.998953722334004
624273-588549,100,similarity_any_lt03,base,40743,110,0.005944734226926934,1.8201027473754747
624273-588549,100,similarity_any_lt03,headft,40743,110,0.006546179590755326,5.460308242126424
624273-588549,100,similarity_any_lt03,nearest_active,40743,110,0.003059920620631672,0.0
624273-588549,100,similarity_active_lt03,base,49511,144,0.005533927446772979,1.3891975308641975
624273-588549,100,similarity_active_lt03,headft,49511,144,0.006298875299132575,4.862191358024692
624273-588549,100,similarity_active_lt03,nearest_active,49511,144,0.003314376320591815,0.6945987654320988
624273-588549,100,similarity_active_03_04,base,135,4,,
624273-588549,100,similarity_active_03_04,headft,135,4,,
624273-588549,100,similarity_active_03_04,nearest_active,135,4,,
624273-588549,100,similarity_active_04_055,base,37,1,,
624273-588549,100,similarity_active_04_055,headft,37,1,,
624273-588549,100,similarity_active_04_055,nearest_active,37,1,,
624273-588549,100,similarity_active_ge055,base,4,1,,
624273-588549,100,similarity_active_ge055,headft,4,1,,
624273-588549,100,similarity_active_ge055,nearest_active,4,1,,
624273-588549,300,all,base,49687,150,0.006359778320329556,2.6659691482226697
624273-588549,300,all,headft,49687,150,0.007001423034059665,3.332461435278337
624273-588549,300,all,nearest_active,49687,150,0.009254250835183848,3.998953722334004
624273-588549,300,murcko_seen_any,base,1795,3,,
624273-588549,300,murcko_seen_any,headft,1795,3,,
624273-588549,300,murcko_seen_any,nearest_active,1795,3,,
624273-588549,300,murcko_unseen_any,base,47828,146,0.006545947697364236,2.055998165873789
624273-588549,300,murcko_unseen_any,headft,47828,146,0.006937117529199715,2.7413308878317184
624273-588549,300,murcko_unseen_any,nearest_active,47828,146,0.01650460127920298,3.426663609789648
624273-588549,300,murcko_unseen_active,base,49575,148,0.006107855448834561,2.026005340017437
624273-588549,300,murcko_unseen_active,headft,49575,148,0.006748754113317365,2.701340453356582
624273-588549,300,murcko_unseen_active,nearest_active,49575,148,0.016724729162109098,3.3766755666957278
624273-588549,300,generic_unseen_any,base,40923,135,0.007421242599995156,2.223471882640587
624273-588549,300,generic_unseen_any,headft,40923,135,0.007042430273760034,2.223471882640587
624273-588549,300,generic_unseen_any,nearest_active,40923,135,0.018090954071629972,3.7057864710676447
624273-588549,300,acyclic,base,64,1,,
624273-588549,300,acyclic,headft,64,1,,
624273-588549,300,acyclic,nearest_active,64,1,,
624273-588549,300,canonical_not_in_training,base,49687,150,0.006359778320329556,2.6659691482226697
624273-588549,300,canonical_not_in_training,headft,49687,150,0.007001423034059665,3.332461435278337
624273-588549,300,canonical_not_in_training,nearest_active,49687,150,0.009254250835183848,3.998953722334004
624273-588549,300,similarity_any_lt03,base,31255,86,0.007081195929021922,4.644475815439483
624273-588549,300,similarity_any_lt03,headft,31255,86,0.0059377220981711495,3.483356861579612
624273-588549,300,similarity_any_lt03,nearest_active,31255,86,0.003971479105349931,2.3222379077197415
624273-588549,300,similarity_active_lt03,base,48968,141,0.005531253199204975,1.4175133883340572
624273-588549,300,similarity_active_lt03,headft,48968,141,0.005712521280155756,2.8350267766681143
624273-588549,300,similarity_active_lt03,nearest_active,48968,141,0.00382609486674836,1.4175133883340572
624273-588549,300,similarity_active_03_04,base,590,5,,
624273-588549,300,similarity_active_03_04,headft,590,5,,
624273-588549,300,similarity_active_03_04,nearest_active,590,5,,
624273-588549,300,similarity_active_04_055,base,116,2,,
624273-588549,300,similarity_active_04_055,headft,116,2,,
624273-588549,300,similarity_active_04_055,nearest_active,116,2,,
624273-588549,300,similarity_active_ge055,base,13,2,,
624273-588549,300,similarity_active_ge055,headft,13,2,,
624273-588549,300,similarity_active_ge055,nearest_active,13,2,,
1053173-743445,40,all,base,49695,134,0.022171269825383776,15.670065167122134
1053173-743445,40,all,headft,49695,134,0.02696574071579856,16.416258746508902
1053173-743445,40,murcko_seen_any,base,63,3,,
1053173-743445,40,murcko_seen_any,headft,63,3,,
1053173-743445,40,murcko_unseen_any,base,49563,131,0.02015063891251541,13.730208076828369
1053173-743445,40,murcko_unseen_any,headft,49563,131,0.0247522527091955,15.25578675203152
1053173-743445,40,murcko_unseen_active,base,49626,134,0.02217229358660811,15.679856764564276
1053173-743445,40,murcko_unseen_active,headft,49626,134,0.026974200974264596,16.42651661049591
1053173-743445,40,generic_unseen_any,base,48074,122,0.01941062025322589,13.107665042091273
1053173-743445,40,generic_unseen_any,headft,48074,122,0.024754451564185296,15.565352237483387
1053173-743445,40,acyclic,base,69,0,,
1053173-743445,40,acyclic,headft,69,0,,
1053173-743445,40,canonical_not_in_training,base,49695,134,0.022171269825383776,15.670065167122134
1053173-743445,40,canonical_not_in_training,headft,49695,134,0.02696574071579856,16.416258746508902
1053173-743445,40,similarity_any_lt03,base,48272,128,0.022204031843448598,15.615942028985508
1053173-743445,40,similarity_any_lt03,headft,48272,128,0.02829230485709492,17.17753623188406
1053173-743445,100,all,base,49695,134,0.022171269825383776,15.670065167122134
1053173-743445,100,all,headft,49695,134,0.030687384989788225,18.65483948466921
1053173-743445,100,all,nearest_active,49695,134,0.026413214629885506,8.954322952641219
1053173-743445,100,murcko_seen_any,base,1284,7,,
1053173-743445,100,murcko_seen_any,headft,1284,7,,
1053173-743445,100,murcko_seen_any,nearest_active,1284,7,,
1053173-743445,100,murcko_unseen_any,base,48342,127,0.01980243904739664,13.3974666210202
1053173-743445,100,murcko_unseen_any,headft,48342,127,0.025667424453158068,16.54981170831907
1053173-743445,100,murcko_unseen_any,nearest_active,48342,127,0.017439589934712955,8.668948990071893
1053173-743445,100,murcko_unseen_active,base,49623,133,0.021674799779396417,15.044567062818334
1053173-743445,100,murcko_unseen_active,headft,49623,133,0.027153697480533038,18.053480475382003
1053173-743445,100,murcko_unseen_active,nearest_active,49623,133,0.016641565419349143,8.274511884550085
1053173-743445,100,generic_unseen_any,base,44762,105,0.0182095698779543,13.32202380952381
1053173-743445,100,generic_unseen_any,headft,44762,105,0.028285609092429328,18.079889455782315
1053173-743445,100,generic_unseen_any,nearest_active,44762,105,0.019656557097895468,8.564158163265306
1053173-743445,100,acyclic,base,69,0,,
1053173-743445,100,acyclic,headft,69,0,,
1053173-743445,100,acyclic,nearest_active,69,0,,
1053173-743445,100,canonical_not_in_training,base,49695,134,0.022171269825383776,15.670065167122134
1053173-743445,100,canonical_not_in_training,headft,49695,134,0.030687384989788225,18.65483948466921
1053173-743445,100,canonical_not_in_training,nearest_active,49695,134,0.026413214629885506,8.954322952641219
1053173-743445,100,similarity_any_lt03,base,45088,111,0.020672980951571985,14.410579093505923
1053173-743445,100,similarity_any_lt03,headft,45088,111,0.02150533748329053,18.013223866882406
1053173-743445,100,similarity_any_lt03,nearest_active,45088,111,0.002429591340267748,2.7019835800323606
1053173-743445,100,similarity_active_lt03,base,49418,123,0.01894940003135093,14.63947862150686
1053173-743445,100,similarity_active_lt03,headft,49418,123,0.01820637807005648,14.63947862150686
1053173-743445,100,similarity_active_lt03,nearest_active,49418,123,0.0025083903117155814,2.439913103584477
1053173-743445,100,similarity_active_03_04,base,252,6,,
1053173-743445,100,similarity_active_03_04,headft,252,6,,
1053173-743445,100,similarity_active_03_04,nearest_active,252,6,,
1053173-743445,100,similarity_active_04_055,base,21,3,,
1053173-743445,100,similarity_active_04_055,headft,21,3,,
1053173-743445,100,similarity_active_04_055,nearest_active,21,3,,
1053173-743445,100,similarity_active_ge055,base,4,2,,
1053173-743445,100,similarity_active_ge055,headft,4,2,,
1053173-743445,100,similarity_active_ge055,nearest_active,4,2,,
1053173-743445,300,all,base,49695,134,0.022171269825383776,15.670065167122134
1053173-743445,300,all,headft,49695,134,0.0481642600921432,17.16245232589567
1053173-743445,300,all,nearest_active,49695,134,0.03022593648903165,8.954322952641219
1053173-743445,300,murcko_seen_any,base,1709,14,0.07086530705270946,7.180672268907562
1053173-743445,300,murcko_seen_any,headft,1709,14,0.0949616879564773,7.180672268907562
1053173-743445,300,murcko_seen_any,nearest_active,1709,14,0.08345461907820373,7.180672268907562
1053173-743445,300,murcko_unseen_any,base,47917,120,0.01917526357012224,13.338065414057063
1053173-743445,300,murcko_unseen_any,headft,47917,120,0.048551921217721006,17.5062108559499
1053173-743445,300,murcko_unseen_any,nearest_active,47917,120,0.022427034064191328,9.169919972164232
1053173-743445,300,murcko_unseen_active,base,49623,133,0.021674799779396417,15.044567062818334
1053173-743445,300,murcko_unseen_active,headft,49623,133,0.04652625357604715,16.54902376910017
1053173-743445,300,murcko_unseen_active,nearest_active,49623,133,0.020649255115381474,8.274511884550085
1053173-743445,300,generic_unseen_any,base,41912,97,0.019307203568490378,12.374677066161455
1053173-743445,300,generic_unseen_any,headft,41912,97,0.05027765281501331,19.59323868808897
1053173-743445,300,generic_unseen_any,nearest_active,41912,97,0.026879118239809506,10.312230888467878
1053173-743445,300,acyclic,base,69,0,,
1053173-743445,300,acyclic,headft,69,0,,
1053173-743445,300,acyclic,nearest_active,69,0,,
1053173-743445,300,canonical_not_in_training,base,49695,134,0.022171269825383776,15.670065167122134
1053173-743445,300,canonical_not_in_training,headft,49695,134,0.0481642600921432,17.16245232589567
1053173-743445,300,canonical_not_in_training,nearest_active,49695,134,0.03022593648903165,8.954322952641219
1053173-743445,300,similarity_any_lt03,base,37227,84,0.023056679040011414,22.635464669738862
1053173-743445,300,similarity_any_lt03,headft,37227,84,0.026148903737849997,15.487423195084483
1053173-743445,300,similarity_any_lt03,nearest_active,37227,84,0.0019552494748438527,0.0
1053173-743445,300,similarity_active_lt03,base,49107,121,0.018602984188975578,14.878153877228124
1053173-743445,300,similarity_active_lt03,headft,49107,121,0.02042623025791943,12.398461564356769
1053173-743445,300,similarity_active_lt03,nearest_active,49107,121,0.0023666580453451398,0.8265641042904512
1053173-743445,300,similarity_active_03_04,base,544,6,,
1053173-743445,300,similarity_active_03_04,headft,544,6,,
1053173-743445,300,similarity_active_03_04,nearest_active,544,6,,
1053173-743445,300,similarity_active_04_055,base,38,5,,
1053173-743445,300,similarity_active_04_055,headft,38,5,,
1053173-743445,300,similarity_active_04_055,nearest_active,38,5,,
1053173-743445,300,similarity_active_ge055,base,6,2,,
1053173-743445,300,similarity_active_ge055,headft,6,2,,
1053173-743445,300,similarity_active_ge055,nearest_active,6,2,,
