target,n_train,budget_k,cut_M,is_full,hits,ceiling,hits_full_headft,hits_stage1_only,n_active_total,gpu_hours
588689,40,100,500,False,24,73,30,23,396,0.027777777777777776
588689,40,100,1000,False,28,130,30,23,396,0.05555555555555555
588689,40,100,2500,False,27,202,30,23,396,0.1388888888888889
588689,40,100,5000,False,29,266,30,23,396,0.2777777777777778
588689,40,100,10000,False,29,339,30,23,396,0.5555555555555556
588689,40,100,25000,False,30,389,30,23,396,1.3888888888888888
588689,40,100,49685,True,30,396,30,23,396,2.7602777777777776
588689,40,500,500,False,73,73,107,73,396,0.027777777777777776
588689,40,500,1000,False,98,130,107,73,396,0.05555555555555555
588689,40,500,2500,False,97,202,107,73,396,0.1388888888888889
588689,40,500,5000,False,102,266,107,73,396,0.2777777777777778
588689,40,500,10000,False,105,339,107,73,396,0.5555555555555556
588689,40,500,25000,False,107,389,107,73,396,1.3888888888888888
588689,40,500,49685,True,107,396,107,73,396,2.7602777777777776
588689,100,100,500,False,34,73,42,23,396,0.027777777777777776
588689,100,100,1000,False,37,130,42,23,396,0.05555555555555555
588689,100,100,2500,False,39,202,42,23,396,0.1388888888888889
588689,100,100,5000,False,40,266,42,23,396,0.2777777777777778
588689,100,100,10000,False,42,339,42,23,396,0.5555555555555556
588689,100,100,25000,False,42,389,42,23,396,1.3888888888888888
588689,100,100,49685,True,42,396,42,23,396,2.7602777777777776
588689,100,500,500,False,73,73,123,73,396,0.027777777777777776
588689,100,500,1000,False,109,130,123,73,396,0.05555555555555555
588689,100,500,2500,False,122,202,123,73,396,0.1388888888888889
588689,100,500,5000,False,119,266,123,73,396,0.2777777777777778
588689,100,500,10000,False,123,339,123,73,396,0.5555555555555556
588689,100,500,25000,False,123,389,123,73,396,1.3888888888888888
588689,100,500,49685,True,123,396,123,73,396,2.7602777777777776
588689,300,100,500,False,40,73,47,23,396,0.027777777777777776
588689,300,100,1000,False,44,130,47,23,396,0.05555555555555555
588689,300,100,2500,False,47,202,47,23,396,0.1388888888888889
588689,300,100,5000,False,49,266,47,23,396,0.2777777777777778
588689,300,100,10000,False,47,339,47,23,396,0.5555555555555556
588689,300,100,25000,False,47,389,47,23,396,1.3888888888888888
588689,300,100,49685,True,47,396,47,23,396,2.7602777777777776
588689,300,500,500,False,73,73,127,73,396,0.027777777777777776
588689,300,500,1000,False,105,130,127,73,396,0.05555555555555555
588689,300,500,2500,False,117,202,127,73,396,0.1388888888888889
588689,300,500,5000,False,128,266,127,73,396,0.2777777777777778
588689,300,500,10000,False,126,339,127,73,396,0.5555555555555556
588689,300,500,25000,False,127,389,127,73,396,1.3888888888888888
588689,300,500,49685,True,127,396,127,73,396,2.7602777777777776
540297-493091,40,100,500,False,18,53,26,12,739,0.027777777777777776
540297-493091,40,100,1000,False,20,96,26,12,739,0.05555555555555555
540297-493091,40,100,2500,False,26,195,26,12,739,0.1388888888888889
540297-493091,40,100,5000,False,26,306,26,12,739,0.2777777777777778
540297-493091,40,100,10000,False,26,434,26,12,739,0.5555555555555556
540297-493091,40,100,25000,False,26,618,26,12,739,1.3888888888888888
540297-493091,40,100,49685,True,26,739,26,12,739,2.7602777777777776
540297-493091,40,500,500,False,53,53,81,53,739,0.027777777777777776
540297-493091,40,500,1000,False,56,96,81,53,739,0.05555555555555555
540297-493091,40,500,2500,False,72,195,81,53,739,0.1388888888888889
540297-493091,40,500,5000,False,82,306,81,53,739,0.2777777777777778
540297-493091,40,500,10000,False,81,434,81,53,739,0.5555555555555556
540297-493091,40,500,25000,False,81,618,81,53,739,1.3888888888888888
540297-493091,40,500,49685,True,81,739,81,53,739,2.7602777777777776
540297-493091,100,100,500,False,17,53,26,12,739,0.027777777777777776
540297-493091,100,100,1000,False,20,96,26,12,739,0.05555555555555555
540297-493091,100,100,2500,False,22,195,26,12,739,0.1388888888888889
540297-493091,100,100,5000,False,25,306,26,12,739,0.2777777777777778
540297-493091,100,100,10000,False,25,434,26,12,739,0.5555555555555556
540297-493091,100,100,25000,False,26,618,26,12,739,1.3888888888888888
540297-493091,100,100,49685,True,26,739,26,12,739,2.7602777777777776
540297-493091,100,500,500,False,53,53,90,53,739,0.027777777777777776
540297-493091,100,500,1000,False,65,96,90,53,739,0.05555555555555555
540297-493091,100,500,2500,False,84,195,90,53,739,0.1388888888888889
540297-493091,100,500,5000,False,87,306,90,53,739,0.2777777777777778
540297-493091,100,500,10000,False,89,434,90,53,739,0.5555555555555556
540297-493091,100,500,25000,False,90,618,90,53,739,1.3888888888888888
540297-493091,100,500,49685,True,90,739,90,53,739,2.7602777777777776
540297-493091,300,100,500,False,26,53,25,12,739,0.027777777777777776
540297-493091,300,100,1000,False,28,96,25,12,739,0.05555555555555555
540297-493091,300,100,2500,False,27,195,25,12,739,0.1388888888888889
540297-493091,300,100,5000,False,25,306,25,12,739,0.2777777777777778
540297-493091,300,100,10000,False,25,434,25,12,739,0.5555555555555556
540297-493091,300,100,25000,False,25,618,25,12,739,1.3888888888888888
540297-493091,300,100,49685,True,25,739,25,12,739,2.7602777777777776
540297-493091,300,500,500,False,53,53,103,53,739,0.027777777777777776
540297-493091,300,500,1000,False,75,96,103,53,739,0.05555555555555555
540297-493091,300,500,2500,False,96,195,103,53,739,0.1388888888888889
540297-493091,300,500,5000,False,104,306,103,53,739,0.2777777777777778
540297-493091,300,500,10000,False,102,434,103,53,739,0.5555555555555556
540297-493091,300,500,25000,False,103,618,103,53,739,1.3888888888888888
540297-493091,300,500,49685,True,103,739,103,53,739,2.7602777777777776
434954-2097,40,100,500,False,22,76,18,19,415,0.027777777777777776
434954-2097,40,100,1000,False,19,109,18,19,415,0.05555555555555555
434954-2097,40,100,2500,False,18,190,18,19,415,0.1388888888888889
434954-2097,40,100,5000,False,18,242,18,19,415,0.2777777777777778
434954-2097,40,100,10000,False,18,315,18,19,415,0.5555555555555556
434954-2097,40,100,25000,False,18,394,18,19,415,1.3888888888888888
434954-2097,40,100,49615,True,18,415,18,19,415,2.756388888888889
434954-2097,40,500,500,False,76,76,68,76,415,0.027777777777777776
434954-2097,40,500,1000,False,64,109,68,76,415,0.05555555555555555
434954-2097,40,500,2500,False,69,190,68,76,415,0.1388888888888889
434954-2097,40,500,5000,False,68,242,68,76,415,0.2777777777777778
434954-2097,40,500,10000,False,68,315,68,76,415,0.5555555555555556
434954-2097,40,500,25000,False,68,394,68,76,415,1.3888888888888888
434954-2097,40,500,49615,True,68,415,68,76,415,2.756388888888889
434954-2097,100,100,500,False,21,76,23,19,415,0.027777777777777776
434954-2097,100,100,1000,False,20,109,23,19,415,0.05555555555555555
434954-2097,100,100,2500,False,23,190,23,19,415,0.1388888888888889
434954-2097,100,100,5000,False,23,242,23,19,415,0.2777777777777778
434954-2097,100,100,10000,False,23,315,23,19,415,0.5555555555555556
434954-2097,100,100,25000,False,23,394,23,19,415,1.3888888888888888
434954-2097,100,100,49615,True,23,415,23,19,415,2.756388888888889
434954-2097,100,500,500,False,76,76,92,76,415,0.027777777777777776
434954-2097,100,500,1000,False,78,109,92,76,415,0.05555555555555555
434954-2097,100,500,2500,False,92,190,92,76,415,0.1388888888888889
434954-2097,100,500,5000,False,92,242,92,76,415,0.2777777777777778
434954-2097,100,500,10000,False,92,315,92,76,415,0.5555555555555556
434954-2097,100,500,25000,False,92,394,92,76,415,1.3888888888888888
434954-2097,100,500,49615,True,92,415,92,76,415,2.756388888888889
434954-2097,300,100,500,False,45,76,76,19,415,0.027777777777777776
434954-2097,300,100,1000,False,53,109,76,19,415,0.05555555555555555
434954-2097,300,100,2500,False,73,190,76,19,415,0.1388888888888889
434954-2097,300,100,5000,False,76,242,76,19,415,0.2777777777777778
434954-2097,300,100,10000,False,76,315,76,19,415,0.5555555555555556
434954-2097,300,100,25000,False,76,394,76,19,415,1.3888888888888888
434954-2097,300,100,49615,True,76,415,76,19,415,2.756388888888889
434954-2097,300,500,500,False,76,76,138,76,415,0.027777777777777776
434954-2097,300,500,1000,False,96,109,138,76,415,0.05555555555555555
434954-2097,300,500,2500,False,132,190,138,76,415,0.1388888888888889
434954-2097,300,500,5000,False,138,242,138,76,415,0.2777777777777778
434954-2097,300,500,10000,False,138,315,138,76,415,0.5555555555555556
434954-2097,300,500,25000,False,138,394,138,76,415,1.3888888888888888
434954-2097,300,500,49615,True,138,415,138,76,415,2.756388888888889
463203-2650,40,100,500,False,7,75,5,12,542,0.027777777777777776
463203-2650,40,100,1000,False,5,123,5,12,542,0.05555555555555555
463203-2650,40,100,2500,False,5,202,5,12,542,0.1388888888888889
463203-2650,40,100,5000,False,5,286,5,12,542,0.2777777777777778
463203-2650,40,100,10000,False,5,373,5,12,542,0.5555555555555556
463203-2650,40,100,25000,False,5,487,5,12,542,1.3888888888888888
463203-2650,40,100,49582,True,5,542,5,12,542,2.754555555555556
463203-2650,40,500,500,False,75,75,33,75,542,0.027777777777777776
463203-2650,40,500,1000,False,41,123,33,75,542,0.05555555555555555
463203-2650,40,500,2500,False,33,202,33,75,542,0.1388888888888889
463203-2650,40,500,5000,False,33,286,33,75,542,0.2777777777777778
463203-2650,40,500,10000,False,33,373,33,75,542,0.5555555555555556
463203-2650,40,500,25000,False,33,487,33,75,542,1.3888888888888888
463203-2650,40,500,49582,True,33,542,33,75,542,2.754555555555556
463203-2650,100,100,500,False,20,75,16,12,542,0.027777777777777776
463203-2650,100,100,1000,False,18,123,16,12,542,0.05555555555555555
463203-2650,100,100,2500,False,16,202,16,12,542,0.1388888888888889
463203-2650,100,100,5000,False,16,286,16,12,542,0.2777777777777778
463203-2650,100,100,10000,False,16,373,16,12,542,0.5555555555555556
463203-2650,100,100,25000,False,16,487,16,12,542,1.3888888888888888
463203-2650,100,100,49582,True,16,542,16,12,542,2.754555555555556
463203-2650,100,500,500,False,75,75,75,75,542,0.027777777777777776
463203-2650,100,500,1000,False,80,123,75,75,542,0.05555555555555555
463203-2650,100,500,2500,False,77,202,75,75,542,0.1388888888888889
463203-2650,100,500,5000,False,75,286,75,75,542,0.2777777777777778
463203-2650,100,500,10000,False,75,373,75,75,542,0.5555555555555556
463203-2650,100,500,25000,False,75,487,75,75,542,1.3888888888888888
463203-2650,100,500,49582,True,75,542,75,75,542,2.754555555555556
463203-2650,300,100,500,False,27,75,27,12,542,0.027777777777777776
463203-2650,300,100,1000,False,27,123,27,12,542,0.05555555555555555
463203-2650,300,100,2500,False,27,202,27,12,542,0.1388888888888889
463203-2650,300,100,5000,False,27,286,27,12,542,0.2777777777777778
463203-2650,300,100,10000,False,27,373,27,12,542,0.5555555555555556
463203-2650,300,100,25000,False,27,487,27,12,542,1.3888888888888888
463203-2650,300,100,49582,True,27,542,27,12,542,2.754555555555556
463203-2650,300,500,500,False,75,75,106,75,542,0.027777777777777776
463203-2650,300,500,1000,False,88,123,106,75,542,0.05555555555555555
463203-2650,300,500,2500,False,102,202,106,75,542,0.1388888888888889
463203-2650,300,500,5000,False,104,286,106,75,542,0.2777777777777778
463203-2650,300,500,10000,False,106,373,106,75,542,0.5555555555555556
463203-2650,300,500,25000,False,106,487,106,75,542,1.3888888888888888
463203-2650,300,500,49582,True,106,542,106,75,542,2.754555555555556
493248-485317,40,100,500,False,10,33,11,8,953,0.027777777777777776
493248-485317,40,100,1000,False,11,64,11,8,953,0.05555555555555555
493248-485317,40,100,2500,False,11,135,11,8,953,0.1388888888888889
493248-485317,40,100,5000,False,11,221,11,8,953,0.2777777777777778
493248-485317,40,100,10000,False,11,355,11,8,953,0.5555555555555556
493248-485317,40,100,25000,False,11,660,11,8,953,1.3888888888888888
493248-485317,40,100,49680,True,11,953,11,8,953,2.76
493248-485317,40,500,500,False,33,33,37,33,953,0.027777777777777776
493248-485317,40,500,1000,False,44,64,37,33,953,0.05555555555555555
493248-485317,40,500,2500,False,38,135,37,33,953,0.1388888888888889
493248-485317,40,500,5000,False,37,221,37,33,953,0.2777777777777778
493248-485317,40,500,10000,False,37,355,37,33,953,0.5555555555555556
493248-485317,40,500,25000,False,37,660,37,33,953,1.3888888888888888
493248-485317,40,500,49680,True,37,953,37,33,953,2.76
493248-485317,100,100,500,False,9,33,10,8,953,0.027777777777777776
493248-485317,100,100,1000,False,12,64,10,8,953,0.05555555555555555
493248-485317,100,100,2500,False,10,135,10,8,953,0.1388888888888889
493248-485317,100,100,5000,False,10,221,10,8,953,0.2777777777777778
493248-485317,100,100,10000,False,10,355,10,8,953,0.5555555555555556
493248-485317,100,100,25000,False,10,660,10,8,953,1.3888888888888888
493248-485317,100,100,49680,True,10,953,10,8,953,2.76
493248-485317,100,500,500,False,33,33,40,33,953,0.027777777777777776
493248-485317,100,500,1000,False,40,64,40,33,953,0.05555555555555555
493248-485317,100,500,2500,False,38,135,40,33,953,0.1388888888888889
493248-485317,100,500,5000,False,41,221,40,33,953,0.2777777777777778
493248-485317,100,500,10000,False,40,355,40,33,953,0.5555555555555556
493248-485317,100,500,25000,False,40,660,40,33,953,1.3888888888888888
493248-485317,100,500,49680,True,40,953,40,33,953,2.76
493248-485317,300,100,500,False,16,33,25,8,953,0.027777777777777776
493248-485317,300,100,1000,False,18,64,25,8,953,0.05555555555555555
493248-485317,300,100,2500,False,23,135,25,8,953,0.1388888888888889
493248-485317,300,100,5000,False,25,221,25,8,953,0.2777777777777778
493248-485317,300,100,10000,False,25,355,25,8,953,0.5555555555555556
493248-485317,300,100,25000,False,25,660,25,8,953,1.3888888888888888
493248-485317,300,100,49680,True,25,953,25,8,953,2.76
493248-485317,300,500,500,False,33,33,68,33,953,0.027777777777777776
493248-485317,300,500,1000,False,48,64,68,33,953,0.05555555555555555
493248-485317,300,500,2500,False,56,135,68,33,953,0.1388888888888889
493248-485317,300,500,5000,False,62,221,68,33,953,0.2777777777777778
493248-485317,300,500,10000,False,69,355,68,33,953,0.5555555555555556
493248-485317,300,500,25000,False,68,660,68,33,953,1.3888888888888888
493248-485317,300,500,49680,True,68,953,68,33,953,2.76
504329,40,100,500,False,24,36,37,8,438,0.027777777777777776
504329,40,100,1000,False,33,74,37,8,438,0.05555555555555555
504329,40,100,2500,False,35,145,37,8,438,0.1388888888888889
504329,40,100,5000,False,37,224,37,8,438,0.2777777777777778
504329,40,100,10000,False,37,303,37,8,438,0.5555555555555556
504329,40,100,25000,False,37,405,37,8,438,1.3888888888888888
504329,40,100,49682,True,37,438,37,8,438,2.7601111111111116
504329,40,500,500,False,36,36,81,36,438,0.027777777777777776
504329,40,500,1000,False,59,74,81,36,438,0.05555555555555555
504329,40,500,2500,False,82,145,81,36,438,0.1388888888888889
504329,40,500,5000,False,85,224,81,36,438,0.2777777777777778
504329,40,500,10000,False,80,303,81,36,438,0.5555555555555556
504329,40,500,25000,False,81,405,81,36,438,1.3888888888888888
504329,40,500,49682,True,81,438,81,36,438,2.7601111111111116
504329,100,100,500,False,23,36,37,8,438,0.027777777777777776
504329,100,100,1000,False,38,74,37,8,438,0.05555555555555555
504329,100,100,2500,False,43,145,37,8,438,0.1388888888888889
504329,100,100,5000,False,39,224,37,8,438,0.2777777777777778
504329,100,100,10000,False,37,303,37,8,438,0.5555555555555556
504329,100,100,25000,False,37,405,37,8,438,1.3888888888888888
504329,100,100,49682,True,37,438,37,8,438,2.7601111111111116
504329,100,500,500,False,36,36,95,36,438,0.027777777777777776
504329,100,500,1000,False,63,74,95,36,438,0.05555555555555555
504329,100,500,2500,False,92,145,95,36,438,0.1388888888888889
504329,100,500,5000,False,103,224,95,36,438,0.2777777777777778
504329,100,500,10000,False,98,303,95,36,438,0.5555555555555556
504329,100,500,25000,False,95,405,95,36,438,1.3888888888888888
504329,100,500,49682,True,95,438,95,36,438,2.7601111111111116
504329,300,100,500,False,28,36,61,8,438,0.027777777777777776
504329,300,100,1000,False,42,74,61,8,438,0.05555555555555555
504329,300,100,2500,False,62,145,61,8,438,0.1388888888888889
504329,300,100,5000,False,63,224,61,8,438,0.2777777777777778
504329,300,100,10000,False,62,303,61,8,438,0.5555555555555556
504329,300,100,25000,False,61,405,61,8,438,1.3888888888888888
504329,300,100,49682,True,61,438,61,8,438,2.7601111111111116
504329,300,500,500,False,36,36,136,36,438,0.027777777777777776
504329,300,500,1000,False,63,74,136,36,438,0.05555555555555555
504329,300,500,2500,False,100,145,136,36,438,0.1388888888888889
504329,300,500,5000,False,119,224,136,36,438,0.2777777777777778
504329,300,500,10000,False,134,303,136,36,438,0.5555555555555556
504329,300,500,25000,False,136,405,136,36,438,1.3888888888888888
504329,300,500,49682,True,136,438,136,36,438,2.7601111111111116
624273-588549,40,100,500,False,3,4,4,0,150,0.027777777777777776
624273-588549,40,100,1000,False,3,10,4,0,150,0.05555555555555555
624273-588549,40,100,2500,False,3,26,4,0,150,0.1388888888888889
624273-588549,40,100,5000,False,3,41,4,0,150,0.2777777777777778
624273-588549,40,100,10000,False,4,62,4,0,150,0.5555555555555556
624273-588549,40,100,25000,False,4,106,4,0,150,1.3888888888888888
624273-588549,40,100,49687,True,4,150,4,0,150,2.7603888888888894
624273-588549,40,500,500,False,4,4,10,4,150,0.027777777777777776
624273-588549,40,500,1000,False,9,10,10,4,150,0.05555555555555555
624273-588549,40,500,2500,False,10,26,10,4,150,0.1388888888888889
624273-588549,40,500,5000,False,9,41,10,4,150,0.2777777777777778
624273-588549,40,500,10000,False,10,62,10,4,150,0.5555555555555556
624273-588549,40,500,25000,False,10,106,10,4,150,1.3888888888888888
624273-588549,40,500,49687,True,10,150,10,4,150,2.7603888888888894
624273-588549,100,100,500,False,3,4,4,0,150,0.027777777777777776
624273-588549,100,100,1000,False,4,10,4,0,150,0.05555555555555555
624273-588549,100,100,2500,False,5,26,4,0,150,0.1388888888888889
624273-588549,100,100,5000,False,5,41,4,0,150,0.2777777777777778
624273-588549,100,100,10000,False,4,62,4,0,150,0.5555555555555556
624273-588549,100,100,25000,False,4,106,4,0,150,1.3888888888888888
624273-588549,100,100,49687,True,4,150,4,0,150,2.7603888888888894
624273-588549,100,500,500,False,4,4,12,4,150,0.027777777777777776
624273-588549,100,500,1000,False,10,10,12,4,150,0.05555555555555555
624273-588549,100,500,2500,False,10,26,12,4,150,0.1388888888888889
624273-588549,100,500,5000,False,11,41,12,4,150,0.2777777777777778
624273-588549,100,500,10000,False,12,62,12,4,150,0.5555555555555556
624273-588549,100,500,25000,False,12,106,12,4,150,1.3888888888888888
624273-588549,100,500,49687,True,12,150,12,4,150,2.7603888888888894
624273-588549,300,100,500,False,2,4,2,0,150,0.027777777777777776
624273-588549,300,100,1000,False,1,10,2,0,150,0.05555555555555555
624273-588549,300,100,2500,False,1,26,2,0,150,0.1388888888888889
624273-588549,300,100,5000,False,1,41,2,0,150,0.2777777777777778
624273-588549,300,100,10000,False,2,62,2,0,150,0.5555555555555556
624273-588549,300,100,25000,False,2,106,2,0,150,1.3888888888888888
624273-588549,300,100,49687,True,2,150,2,0,150,2.7603888888888894
624273-588549,300,500,500,False,4,4,5,4,150,0.027777777777777776
624273-588549,300,500,1000,False,9,10,5,4,150,0.05555555555555555
624273-588549,300,500,2500,False,8,26,5,4,150,0.1388888888888889
624273-588549,300,500,5000,False,6,41,5,4,150,0.2777777777777778
624273-588549,300,500,10000,False,6,62,5,4,150,0.5555555555555556
624273-588549,300,500,25000,False,5,106,5,4,150,1.3888888888888888
624273-588549,300,500,49687,True,5,150,5,4,150,2.7603888888888894
1053173-743445,40,100,500,False,9,21,10,4,134,0.027777777777777776
1053173-743445,40,100,1000,False,9,35,10,4,134,0.05555555555555555
1053173-743445,40,100,2500,False,9,56,10,4,134,0.1388888888888889
1053173-743445,40,100,5000,False,10,72,10,4,134,0.2777777777777778
1053173-743445,40,100,10000,False,10,97,10,4,134,0.5555555555555556
1053173-743445,40,100,25000,False,10,122,10,4,134,1.3888888888888888
1053173-743445,40,100,49695,True,10,134,10,4,134,2.7608333333333333
1053173-743445,40,500,500,False,21,21,22,21,134,0.027777777777777776
1053173-743445,40,500,1000,False,22,35,22,21,134,0.05555555555555555
1053173-743445,40,500,2500,False,24,56,22,21,134,0.1388888888888889
1053173-743445,40,500,5000,False,24,72,22,21,134,0.2777777777777778
1053173-743445,40,500,10000,False,23,97,22,21,134,0.5555555555555556
1053173-743445,40,500,25000,False,22,122,22,21,134,1.3888888888888888
1053173-743445,40,500,49695,True,22,134,22,21,134,2.7608333333333333
1053173-743445,100,100,500,False,5,21,8,4,134,0.027777777777777776
1053173-743445,100,100,1000,False,9,35,8,4,134,0.05555555555555555
1053173-743445,100,100,2500,False,8,56,8,4,134,0.1388888888888889
1053173-743445,100,100,5000,False,8,72,8,4,134,0.2777777777777778
1053173-743445,100,100,10000,False,8,97,8,4,134,0.5555555555555556
1053173-743445,100,100,25000,False,8,122,8,4,134,1.3888888888888888
1053173-743445,100,100,49695,True,8,134,8,4,134,2.7608333333333333
1053173-743445,100,500,500,False,21,21,25,21,134,0.027777777777777776
1053173-743445,100,500,1000,False,25,35,25,21,134,0.05555555555555555
1053173-743445,100,500,2500,False,25,56,25,21,134,0.1388888888888889
1053173-743445,100,500,5000,False,25,72,25,21,134,0.2777777777777778
1053173-743445,100,500,10000,False,25,97,25,21,134,0.5555555555555556
1053173-743445,100,500,25000,False,25,122,25,21,134,1.3888888888888888
1053173-743445,100,500,49695,True,25,134,25,21,134,2.7608333333333333
1053173-743445,300,100,500,False,8,21,12,4,134,0.027777777777777776
1053173-743445,300,100,1000,False,10,35,12,4,134,0.05555555555555555
1053173-743445,300,100,2500,False,12,56,12,4,134,0.1388888888888889
1053173-743445,300,100,5000,False,12,72,12,4,134,0.2777777777777778
1053173-743445,300,100,10000,False,12,97,12,4,134,0.5555555555555556
1053173-743445,300,100,25000,False,12,122,12,4,134,1.3888888888888888
1053173-743445,300,100,49695,True,12,134,12,4,134,2.7608333333333333
1053173-743445,300,500,500,False,21,21,23,21,134,0.027777777777777776
1053173-743445,300,500,1000,False,25,35,23,21,134,0.05555555555555555
1053173-743445,300,500,2500,False,26,56,23,21,134,0.1388888888888889
1053173-743445,300,500,5000,False,25,72,23,21,134,0.2777777777777778
1053173-743445,300,500,10000,False,23,97,23,21,134,0.5555555555555556
1053173-743445,300,500,25000,False,23,122,23,21,134,1.3888888888888888
1053173-743445,300,500,49695,True,23,134,23,21,134,2.7608333333333333
