auroc,auprc,ef_1pct,ef_5pct,bedroc,recall_at_50,recall_at_100,hits_at_20,hits_at_100,n_eval,n_active,target,arm,train_size,seed,n_dropped,path,n_train_active,n_train_used,hp_source,hp_lr,hp_epochs,hp_l2sp,hp_cv_ap
0.35916328678659015,0.005700651110784948,0.5048980753206105,0.404081068332276,0.022007952371422102,0.0,0.0025252525252525255,0,1,49685,396,588689,drugclip_zeroshot,0,-1,0,official,,,,,,,
0.9054025003222592,0.0960419734199518,18.17633071154198,10.152536841848434,0.45504265077632267,0.030303030303030304,0.05808080808080808,3,23,49685,396,588689,boltz_base,0,-1,0,,,,,,,,
0.9353047814672111,0.16493089453690302,27.01204702965266,12.425492851217488,0.5586773620501734,0.045454545454545456,0.07575757575757576,12,30,49685,396,588689,boltz_headft,40,-1,0,,,,,,,,
0.9352884379513039,0.20200490258691617,30.798782594557238,13.68824618975585,0.6055994511285039,0.06060606060606061,0.10606060606060606,11,42,49685,396,588689,boltz_headft,100,-1,0,,,,,,,,
0.9316322038785467,0.236604751871953,31.80857874519846,12.981104320174367,0.5861017232559376,0.08080808080808081,0.11868686868686869,16,47,49685,396,588689,boltz_headft,300,-1,0,,,,,,,,
0.5672581789818901,0.013833290354412655,4.039184602564884,2.4749965435351906,0.11296244280451138,0.007575757575757576,0.007575757575757576,3,3,49685,396,588689,drugclip_headft,40,0,0,,16.0,40.0,cv,0.001,800.0,0.0,0.5303500203500203
0.5672581789818901,0.013833290354412655,4.039184602564884,2.4749965435351906,0.11296244280451138,0.007575757575757576,0.007575757575757576,3,3,49685,396,588689,drugclip_headft,40,1,0,,16.0,40.0,cv,0.001,800.0,0.0,0.5303500203500203
0.5672581789818901,0.013833290354412655,4.039184602564884,2.4749965435351906,0.11296244280451138,0.007575757575757576,0.007575757575757576,3,3,49685,396,588689,drugclip_headft,40,2,0,,16.0,40.0,cv,0.001,800.0,0.0,0.5303500203500203
0.5672581789818901,0.013833290354412655,4.039184602564884,2.4749965435351906,0.11296244280451138,0.007575757575757576,0.007575757575757576,3,3,49685,396,588689,drugclip_headft,40,3,0,,16.0,40.0,cv,0.001,800.0,0.0,0.5303500203500203
0.5672581789818901,0.013833290354412655,4.039184602564884,2.4749965435351906,0.11296244280451138,0.007575757575757576,0.007575757575757576,3,3,49685,396,588689,drugclip_headft,40,4,0,,16.0,40.0,cv,0.001,800.0,0.0,0.5303500203500203
0.7051976837907775,0.027469340682595118,7.068573054488547,4.293361351030432,0.2063617543566782,0.005050505050505051,0.012626262626262626,2,5,49685,396,588689,drugclip_headft,100,0,0,,32.0,100.0,cv,0.01,800.0,0.0,0.48527606742395996
0.7051976837907775,0.027469340682595118,7.068573054488547,4.293361351030432,0.2063617543566782,0.005050505050505051,0.012626262626262626,2,5,49685,396,588689,drugclip_headft,100,1,0,,32.0,100.0,cv,0.01,800.0,0.0,0.48527606742395996
0.7051976837907775,0.027469340682595118,7.068573054488547,4.293361351030432,0.2063617543566782,0.005050505050505051,0.012626262626262626,2,5,49685,396,588689,drugclip_headft,100,2,0,,32.0,100.0,cv,0.01,800.0,0.0,0.48527606742395996
0.7051976837907775,0.027469340682595118,7.068573054488547,4.293361351030432,0.2063617543566782,0.005050505050505051,0.012626262626262626,2,5,49685,396,588689,drugclip_headft,100,3,0,,32.0,100.0,cv,0.01,800.0,0.0,0.48527606742395996
0.7051976837907775,0.027469340682595118,7.068573054488547,4.293361351030432,0.2063617543566782,0.005050505050505051,0.012626262626262626,2,5,49685,396,588689,drugclip_headft,100,4,0,,32.0,100.0,cv,0.01,800.0,0.0,0.48527606742395996
0.7746459195210438,0.05245832802229924,14.137146108977094,7.475499764147107,0.3280840843201694,0.017676767676767676,0.027777777777777776,4,11,49685,396,588689,drugclip_headft,300,0,0,,90.0,300.0,cv,0.01,800.0,0.0,0.7146285720454584
0.7746459195210438,0.05245832802229924,14.137146108977094,7.475499764147107,0.3280840843201694,0.017676767676767676,0.027777777777777776,4,11,49685,396,588689,drugclip_headft,300,1,0,,90.0,300.0,cv,0.01,800.0,0.0,0.7146285720454584
0.7746459195210438,0.05245832802229924,14.137146108977094,7.475499764147107,0.3280840843201694,0.017676767676767676,0.027777777777777776,4,11,49685,396,588689,drugclip_headft,300,2,0,,90.0,300.0,cv,0.01,800.0,0.0,0.7146285720454584
0.7746459195210438,0.05245832802229924,14.137146108977094,7.475499764147107,0.3280840843201694,0.017676767676767676,0.027777777777777776,4,11,49685,396,588689,drugclip_headft,300,3,0,,90.0,300.0,cv,0.01,800.0,0.0,0.7146285720454584
0.7746459195210438,0.05245832802229924,14.137146108977094,7.475499764147107,0.3280840843201694,0.017676767676767676,0.027777777777777776,4,11,49685,396,588689,drugclip_headft,300,4,0,,90.0,300.0,cv,0.01,800.0,0.0,0.7146285720454584
0.5702366646693076,0.018143496643433774,0.6763857842590046,1.190918223041539,0.07337998247784419,0.0,0.0,0,0,49685,739,540297-493091,drugclip_zeroshot,0,-1,0,official,,,,,,,
0.766859042195406,0.05916792329332654,7.169689313145449,5.277933033934093,0.2604817894719175,0.005412719891745603,0.016238159675236806,3,12,49685,739,540297-493091,boltz_base,0,-1,0,,,,,,,,
0.7682775643999046,0.07935336040161028,10.957449704995875,5.467397296690701,0.2824813808728826,0.02165087956698241,0.035182679296346414,10,26,49685,739,540297-493091,boltz_headft,40,-1,0,,,,,,,,
0.7711345003830958,0.08120217348545652,12.174944116662083,5.927524791956751,0.3000423955015433,0.018944519621109608,0.035182679296346414,5,26,49685,739,540297-493091,boltz_headft,100,-1,0,,,,,,,,
0.7823440728665824,0.09464320793871991,13.933547155735495,6.198188024466191,0.31673117775753584,0.023004059539918808,0.03382949932341001,7,25,49685,739,540297-493091,boltz_headft,300,-1,0,,,,,,,,
0.595997220874768,0.022897950569842753,2.8408202938878193,2.1923721833264693,0.11682709431812045,0.0013531799729364006,0.0013531799729364006,0,1,49685,739,540297-493091,drugclip_headft,40,0,0,,8.0,40.0,cv,0.01,50.0,0.0,0.6990740740740741
0.595997220874768,0.022897950569842753,2.8408202938878193,2.1923721833264693,0.11682709431812045,0.0013531799729364006,0.0013531799729364006,0,1,49685,739,540297-493091,drugclip_headft,40,1,0,,8.0,40.0,cv,0.01,50.0,0.0,0.6990740740740741
0.595997220874768,0.022897950569842753,2.8408202938878193,2.1923721833264693,0.11682709431812045,0.0013531799729364006,0.0013531799729364006,0,1,49685,739,540297-493091,drugclip_headft,40,2,0,,8.0,40.0,cv,0.01,50.0,0.0,0.6990740740740741
0.595997220874768,0.022897950569842753,2.8408202938878193,2.1923721833264693,0.11682709431812045,0.0013531799729364006,0.0013531799729364006,0,1,49685,739,540297-493091,drugclip_headft,40,3,0,,8.0,40.0,cv,0.01,50.0,0.0,0.6990740740740741
0.595997220874768,0.022897950569842753,2.8408202938878193,2.1923721833264693,0.11682709431812045,0.0013531799729364006,0.0013531799729364006,0,1,49685,739,540297-493091,drugclip_headft,40,4,0,,8.0,40.0,cv,0.01,50.0,0.0,0.6990740740740741
0.638754636506156,0.02736708154166763,3.5172060781468244,2.5983670320906302,0.13723767847545978,0.0040595399188092015,0.012178619756427604,0,9,49685,739,540297-493091,drugclip_headft,100,0,0,,16.0,100.0,cv,0.01,800.0,0.0,0.4059220430107527
0.638754636506156,0.02736708154166763,3.5172060781468244,2.5983670320906302,0.13723767847545978,0.0040595399188092015,0.012178619756427604,0,9,49685,739,540297-493091,drugclip_headft,100,1,0,,16.0,100.0,cv,0.01,800.0,0.0,0.4059220430107527
0.638754636506156,0.02736708154166763,3.5172060781468244,2.5983670320906302,0.13723767847545978,0.0040595399188092015,0.012178619756427604,0,9,49685,739,540297-493091,drugclip_headft,100,2,0,,16.0,100.0,cv,0.01,800.0,0.0,0.4059220430107527
0.638754636506156,0.02736708154166763,3.5172060781468244,2.5983670320906302,0.13723767847545978,0.0040595399188092015,0.012178619756427604,0,9,49685,739,540297-493091,drugclip_headft,100,3,0,,16.0,100.0,cv,0.01,800.0,0.0,0.4059220430107527
0.638754636506156,0.02736708154166763,3.5172060781468244,2.5983670320906302,0.13723767847545978,0.0040595399188092015,0.012178619756427604,0,9,49685,739,540297-493091,drugclip_headft,100,4,0,,16.0,100.0,cv,0.01,800.0,0.0,0.4059220430107527
0.6606293688545888,0.034687683729489674,5.275809117220236,3.572754669124617,0.18174439621678526,0.005412719891745603,0.008119079837618403,2,6,49685,739,540297-493091,drugclip_headft,300,0,0,,43.0,300.0,cv,0.01,50.0,0.0,0.482756399304684
0.6606293688545888,0.034687683729489674,5.275809117220236,3.572754669124617,0.18174439621678526,0.005412719891745603,0.008119079837618403,2,6,49685,739,540297-493091,drugclip_headft,300,1,0,,43.0,300.0,cv,0.01,50.0,0.0,0.482756399304684
0.6606293688545888,0.034687683729489674,5.275809117220236,3.572754669124617,0.18174439621678526,0.005412719891745603,0.008119079837618403,2,6,49685,739,540297-493091,drugclip_headft,300,2,0,,43.0,300.0,cv,0.01,50.0,0.0,0.482756399304684
0.6606293688545888,0.034687683729489674,5.275809117220236,3.572754669124617,0.18174439621678526,0.005412719891745603,0.008119079837618403,2,6,49685,739,540297-493091,drugclip_headft,300,3,0,,43.0,300.0,cv,0.01,50.0,0.0,0.482756399304684
0.6606293688545888,0.034687683729489674,5.275809117220236,3.572754669124617,0.18174439621678526,0.005412719891745603,0.008119079837618403,2,6,49685,739,540297-493091,drugclip_headft,300,4,0,,43.0,300.0,cv,0.01,50.0,0.0,0.482756399304684
0.4542087863649721,0.012004100763297854,5.0617712786630396,2.4575836599117147,0.11267887045949097,0.007228915662650603,0.014457831325301205,0,6,49615,415,434954-2097,drugclip_zeroshot,0,-1,0,official,,,,,,,
0.8642780144970124,0.08103727517136747,18.077754566653713,9.107515916143415,0.3989576650577166,0.02650602409638554,0.04578313253012048,4,19,49615,415,434954-2097,boltz_base,0,-1,0,,,,,,,,
0.8687713292193163,0.07511602439664997,16.390497473766032,8.384697192639967,0.3885246498986449,0.016867469879518072,0.043373493975903614,2,18,49615,415,434954-2097,boltz_headft,40,-1,0,,,,,,,,
0.8607102556567734,0.10387201583755938,22.17537893509522,8.818388426742034,0.41717487478129783,0.02891566265060241,0.05542168674698795,8,23,49615,415,434954-2097,boltz_headft,100,-1,0,,,,,,,,
0.8815500538740326,0.28576761199808326,32.780994947532065,11.035032512152602,0.5266660670103517,0.10843373493975904,0.18313253012048192,20,76,49615,415,434954-2097,boltz_headft,300,-1,0,,,,,,,,
0.6127965520619061,0.04654857876419117,14.46220365332297,4.674227745322281,0.22529537415468154,0.02650602409638554,0.06265060240963856,1,26,49615,415,434954-2097,drugclip_headft,40,0,0,,24.0,40.0,cv,0.001,200.0,0.0,0.835424876049876
0.6127965520619061,0.04654857876419117,14.46220365332297,4.674227745322281,0.22529537415468154,0.02650602409638554,0.06265060240963856,1,26,49615,415,434954-2097,drugclip_headft,40,1,0,,24.0,40.0,cv,0.001,200.0,0.0,0.835424876049876
0.6127965520619061,0.04654857876419117,14.46220365332297,4.674227745322281,0.22529537415468154,0.02650602409638554,0.06265060240963856,1,26,49615,415,434954-2097,drugclip_headft,40,2,0,,24.0,40.0,cv,0.001,200.0,0.0,0.835424876049876
0.6127965520619061,0.04654857876419117,14.46220365332297,4.674227745322281,0.22529537415468154,0.02650602409638554,0.06265060240963856,1,26,49615,415,434954-2097,drugclip_headft,40,3,0,,24.0,40.0,cv,0.001,200.0,0.0,0.835424876049876
0.6127965520619061,0.04654857876419117,14.46220365332297,4.674227745322281,0.22529537415468154,0.02650602409638554,0.06265060240963856,1,26,49615,415,434954-2097,drugclip_headft,40,4,0,,24.0,40.0,cv,0.001,200.0,0.0,0.835424876049876
0.6630789009697325,0.0657503924175416,14.46220365332297,5.300670639025268,0.25878281477391535,0.05301204819277108,0.06987951807228916,7,29,49615,415,434954-2097,drugclip_headft,100,0,0,,52.0,100.0,cv,0.001,800.0,0.0,0.816834992472827
0.6630789009697325,0.0657503924175416,14.46220365332297,5.300670639025268,0.25878281477391535,0.05301204819277108,0.06987951807228916,7,29,49615,415,434954-2097,drugclip_headft,100,1,0,,52.0,100.0,cv,0.001,800.0,0.0,0.816834992472827
0.6630789009697325,0.0657503924175416,14.46220365332297,5.300670639025268,0.25878281477391535,0.05301204819277108,0.06987951807228916,7,29,49615,415,434954-2097,drugclip_headft,100,2,0,,52.0,100.0,cv,0.001,800.0,0.0,0.816834992472827
0.6630789009697325,0.0657503924175416,14.46220365332297,5.300670639025268,0.25878281477391535,0.05301204819277108,0.06987951807228916,7,29,49615,415,434954-2097,drugclip_headft,100,3,0,,52.0,100.0,cv,0.001,800.0,0.0,0.816834992472827
0.6630789009697325,0.0657503924175416,14.46220365332297,5.300670639025268,0.25878281477391535,0.05301204819277108,0.06987951807228916,7,29,49615,415,434954-2097,drugclip_headft,100,4,0,,52.0,100.0,cv,0.001,800.0,0.0,0.816834992472827
0.7613249338818691,0.08759436936211108,18.80086474931986,6.890871830732847,0.33083491773326545,0.04096385542168675,0.07228915662650602,6,30,49615,415,434954-2097,drugclip_headft,300,0,0,,107.0,300.0,cv,0.01,200.0,0.0,0.6970972366854057
0.7613249338818691,0.08759436936211108,18.80086474931986,6.890871830732847,0.33083491773326545,0.04096385542168675,0.07228915662650602,6,30,49615,415,434954-2097,drugclip_headft,300,1,0,,107.0,300.0,cv,0.01,200.0,0.0,0.6970972366854057
0.7613249338818691,0.08759436936211108,18.80086474931986,6.890871830732847,0.33083491773326545,0.04096385542168675,0.07228915662650602,6,30,49615,415,434954-2097,drugclip_headft,300,2,0,,107.0,300.0,cv,0.01,200.0,0.0,0.6970972366854057
0.7613249338818691,0.08759436936211108,18.80086474931986,6.890871830732847,0.33083491773326545,0.04096385542168675,0.07228915662650602,6,30,49615,415,434954-2097,drugclip_headft,300,3,0,,107.0,300.0,cv,0.01,200.0,0.0,0.6970972366854057
0.7613249338818691,0.08759436936211108,18.80086474931986,6.890871830732847,0.33083491773326545,0.04096385542168675,0.07228915662650602,6,30,49615,415,434954-2097,drugclip_headft,300,4,0,,107.0,300.0,cv,0.01,200.0,0.0,0.6970972366854057
0.529767495319733,0.015089581996380256,4.610872217593143,1.9188965911442093,0.09800794686101809,0.005535055350553505,0.01107011070110701,0,6,49582,542,463203-2650,drugclip_zeroshot,0,-1,0,official,,,,,,,
0.819436163264569,0.07122135724788915,13.83261665277943,7.454175219444812,0.3480176028607902,0.014760147601476014,0.02214022140221402,3,12,49582,542,463203-2650,boltz_base,0,-1,0,,,,,,,,
0.7893519598430079,0.041732761884973976,5.717481549815498,5.276965625646575,0.25132912311012257,0.0018450184501845018,0.00922509225092251,0,5,49582,542,463203-2650,boltz_headft,40,-1,0,,,,,,,,
0.8388521043142732,0.08623843344654078,13.83261665277943,8.08150679731888,0.38034411844142074,0.016605166051660517,0.02952029520295203,3,16,49582,542,463203-2650,boltz_headft,100,-1,0,,,,,,,,
0.8458306495789265,0.11689150722470922,19.365663313891204,8.52432908758293,0.4056013178513798,0.03136531365313653,0.04981549815498155,8,27,49582,542,463203-2650,boltz_headft,300,-1,0,,,,,,,,
0.48703246239232373,0.010182359831287447,0.7377395548149029,0.8118408654840884,0.04269778678023415,0.0,0.0018450184501845018,0,1,49582,542,463203-2650,drugclip_headft,40,0,0,,13.0,40.0,cv,0.01,50.0,0.01,0.640442612942613
0.48703246239232373,0.010182359831287447,0.7377395548149029,0.8118408654840884,0.04269778678023415,0.0,0.0018450184501845018,0,1,49582,542,463203-2650,drugclip_headft,40,1,0,,13.0,40.0,cv,0.01,50.0,0.01,0.640442612942613
0.48703246239232373,0.010182359831287447,0.7377395548149029,0.8118408654840884,0.04269778678023415,0.0,0.0018450184501845018,0,1,49582,542,463203-2650,drugclip_headft,40,2,0,,13.0,40.0,cv,0.01,50.0,0.01,0.640442612942613
0.48703246239232373,0.010182359831287447,0.7377395548149029,0.8118408654840884,0.04269778678023415,0.0,0.0018450184501845018,0,1,49582,542,463203-2650,drugclip_headft,40,3,0,,13.0,40.0,cv,0.01,50.0,0.01,0.640442612942613
0.48703246239232373,0.010182359831287447,0.7377395548149029,0.8118408654840884,0.04269778678023415,0.0,0.0018450184501845018,0,1,49582,542,463203-2650,drugclip_headft,40,4,0,,13.0,40.0,cv,0.01,50.0,0.01,0.640442612942613
0.4793928482208965,0.012906915447983065,2.213218664444709,0.8118408654840884,0.0487075601125388,0.00922509225092251,0.01107011070110701,4,6,49582,542,463203-2650,drugclip_headft,100,0,0,,29.0,100.0,cv,0.0001,200.0,0.0,0.5231865085373835
0.4793928482208965,0.012906915447983065,2.213218664444709,0.8118408654840884,0.0487075601125388,0.00922509225092251,0.01107011070110701,4,6,49582,542,463203-2650,drugclip_headft,100,1,0,,29.0,100.0,cv,0.0001,200.0,0.0,0.5231865085373835
0.4793928482208965,0.012906915447983065,2.213218664444709,0.8118408654840884,0.0487075601125388,0.00922509225092251,0.01107011070110701,4,6,49582,542,463203-2650,drugclip_headft,100,2,0,,29.0,100.0,cv,0.0001,200.0,0.0,0.5231865085373835
0.4793928482208965,0.012906915447983065,2.213218664444709,0.8118408654840884,0.0487075601125388,0.00922509225092251,0.01107011070110701,4,6,49582,542,463203-2650,drugclip_headft,100,3,0,,29.0,100.0,cv,0.0001,200.0,0.0,0.5231865085373835
0.4793928482208965,0.012906915447983065,2.213218664444709,0.8118408654840884,0.0487075601125388,0.00922509225092251,0.01107011070110701,4,6,49582,542,463203-2650,drugclip_headft,100,4,0,,29.0,100.0,cv,0.0001,200.0,0.0,0.5231865085373835
0.6148946676558935,0.031249428342922284,8.115135102963933,3.911596897332426,0.18895204195279297,0.014760147601476014,0.025830258302583026,2,14,49582,542,463203-2650,drugclip_headft,300,0,0,,70.0,300.0,cv,0.01,200.0,0.0,0.5179746036630233
0.6148946676558935,0.031249428342922284,8.115135102963933,3.911596897332426,0.18895204195279297,0.014760147601476014,0.025830258302583026,2,14,49582,542,463203-2650,drugclip_headft,300,1,0,,70.0,300.0,cv,0.01,200.0,0.0,0.5179746036630233
0.6148946676558935,0.031249428342922284,8.115135102963933,3.911596897332426,0.18895204195279297,0.014760147601476014,0.025830258302583026,2,14,49582,542,463203-2650,drugclip_headft,300,2,0,,70.0,300.0,cv,0.01,200.0,0.0,0.5179746036630233
0.6148946676558935,0.031249428342922284,8.115135102963933,3.911596897332426,0.18895204195279297,0.014760147601476014,0.025830258302583026,2,14,49582,542,463203-2650,drugclip_headft,300,3,0,,70.0,300.0,cv,0.01,200.0,0.0,0.5179746036630233
0.6148946676558935,0.031249428342922284,8.115135102963933,3.911596897332426,0.18895204195279297,0.014760147601476014,0.025830258302583026,2,14,49582,542,463203-2650,drugclip_headft,300,4,0,,70.0,300.0,cv,0.01,200.0,0.0,0.5179746036630233
0.4974786070134717,0.019107420444390837,1.0488956825950455,0.776495278069255,0.05570627000450685,0.0,0.002098635886673662,0,2,49680,953,493248-485317,drugclip_zeroshot,0,-1,0,official,,,,,,,
0.6374036484100304,0.03613745651103383,3.4613557525636507,2.812172088142707,0.14861868107306767,0.005246589716684155,0.008394543546694649,2,8,49680,953,493248-485317,boltz_base,0,-1,0,,,,,,,,
0.6490803388370753,0.0400696852955058,3.776024457342164,3.1689401888772295,0.16453901976585922,0.0062959076600209865,0.011542497376705142,3,11,49680,953,493248-485317,boltz_headft,40,-1,0,,,,,,,,
0.6438661695067004,0.04129273188537595,4.090693162120678,3.1269674711437565,0.16738918498199837,0.007345225603357817,0.01049317943336831,5,10,49680,953,493248-485317,boltz_headft,100,-1,0,,,,,,,,
0.6860110889134532,0.060398138985512634,7.13249064164631,3.882476390346275,0.20806182937968531,0.017838405036726127,0.026232948583420776,9,25,49680,953,493248-485317,boltz_headft,300,-1,0,,,,,,,,
0.5422646950219321,0.02154367207166503,0.7342269778165319,1.1962224554039875,0.0692511959989211,0.001049317943336831,0.001049317943336831,0,1,49680,953,493248-485317,drugclip_headft,100,0,0,,9.0,100.0,cv,0.0001,200.0,0.01,0.3360172384365933
0.5422646950219321,0.02154367207166503,0.7342269778165319,1.1962224554039875,0.0692511959989211,0.001049317943336831,0.001049317943336831,0,1,49680,953,493248-485317,drugclip_headft,100,1,0,,9.0,100.0,cv,0.0001,200.0,0.01,0.3360172384365933
0.5422646950219321,0.02154367207166503,0.7342269778165319,1.1962224554039875,0.0692511959989211,0.001049317943336831,0.001049317943336831,0,1,49680,953,493248-485317,drugclip_headft,100,2,0,,9.0,100.0,cv,0.0001,200.0,0.01,0.3360172384365933
0.5422646950219321,0.02154367207166503,0.7342269778165319,1.1962224554039875,0.0692511959989211,0.001049317943336831,0.001049317943336831,0,1,49680,953,493248-485317,drugclip_headft,100,3,0,,9.0,100.0,cv,0.0001,200.0,0.01,0.3360172384365933
0.5422646950219321,0.02154367207166503,0.7342269778165319,1.1962224554039875,0.0692511959989211,0.001049317943336831,0.001049317943336831,0,1,49680,953,493248-485317,drugclip_headft,100,4,0,,9.0,100.0,cv,0.0001,200.0,0.01,0.3360172384365933
0.564056061448293,0.03646151570926639,4.929809708196714,2.770199370409234,0.14687762186330097,0.005246589716684155,0.016789087093389297,4,16,49680,953,493248-485317,drugclip_headft,300,0,0,,23.0,300.0,cv,0.01,50.0,0.0,0.37284016310908735
0.564056061448293,0.03646151570926639,4.929809708196714,2.770199370409234,0.14687762186330097,0.005246589716684155,0.016789087093389297,4,16,49680,953,493248-485317,drugclip_headft,300,1,0,,23.0,300.0,cv,0.01,50.0,0.0,0.37284016310908735
0.564056061448293,0.03646151570926639,4.929809708196714,2.770199370409234,0.14687762186330097,0.005246589716684155,0.016789087093389297,4,16,49680,953,493248-485317,drugclip_headft,300,2,0,,23.0,300.0,cv,0.01,50.0,0.0,0.37284016310908735
0.564056061448293,0.03646151570926639,4.929809708196714,2.770199370409234,0.14687762186330097,0.005246589716684155,0.016789087093389297,4,16,49680,953,493248-485317,drugclip_headft,300,3,0,,23.0,300.0,cv,0.01,50.0,0.0,0.37284016310908735
0.564056061448293,0.03646151570926639,4.929809708196714,2.770199370409234,0.14687762186330097,0.005246589716684155,0.016789087093389297,4,16,49680,953,493248-485317,drugclip_headft,300,4,0,,23.0,300.0,cv,0.01,50.0,0.0,0.37284016310908735
0.5537149555155225,0.01021184845129773,1.369366886249001,1.0959345289303597,0.06289348254106274,0.0,0.0,0,0,49682,438,504329,drugclip_zeroshot,0,-1,0,official,,,,,,,
0.833573169704934,0.04657806961194122,7.987973503119172,6.575607173582159,0.30232044406901853,0.00684931506849315,0.0182648401826484,1,8,49682,438,504329,boltz_base,0,-1,0,,,,,,,,
0.8169267266271504,0.11122804000994599,18.486452964361515,8.082517150861403,0.37464337470155434,0.04794520547945205,0.08447488584474885,11,37,49682,438,504329,boltz_headft,40,-1,0,,,,,,,,
0.8210552225447858,0.13936380932057038,21.681642365609182,8.676148354032016,0.4157524438976961,0.05251141552511415,0.08447488584474885,13,37,49682,438,504329,boltz_headft,100,-1,0,,,,,,,,
0.8243319122112645,0.22188687248436242,31.038982754977358,9.680755005551513,0.46723267978089233,0.0776255707762557,0.13926940639269406,13,61,49682,438,504329,boltz_headft,300,-1,0,,,,,,,,
0.663929875424176,0.019234067794815003,2.9669615868728356,3.2878035867910795,0.14944566701377554,0.0045662100456621,0.00684931506849315,1,3,49682,438,504329,drugclip_headft,40,0,0,,4.0,40.0,cv,0.01,50.0,0.0,0.8703703703703703
0.663929875424176,0.019234067794815003,2.9669615868728356,3.2878035867910795,0.14944566701377554,0.0045662100456621,0.00684931506849315,1,3,49682,438,504329,drugclip_headft,40,1,0,,4.0,40.0,cv,0.01,50.0,0.0,0.8703703703703703
0.663929875424176,0.019234067794815003,2.9669615868728356,3.2878035867910795,0.14944566701377554,0.0045662100456621,0.00684931506849315,1,3,49682,438,504329,drugclip_headft,40,2,0,,4.0,40.0,cv,0.01,50.0,0.0,0.8703703703703703
0.663929875424176,0.019234067794815003,2.9669615868728356,3.2878035867910795,0.14944566701377554,0.0045662100456621,0.00684931506849315,1,3,49682,438,504329,drugclip_headft,40,3,0,,4.0,40.0,cv,0.01,50.0,0.0,0.8703703703703703
0.663929875424176,0.019234067794815003,2.9669615868728356,3.2878035867910795,0.14944566701377554,0.0045662100456621,0.00684931506849315,1,3,49682,438,504329,drugclip_headft,40,4,0,,4.0,40.0,cv,0.01,50.0,0.0,0.8703703703703703
0.633479001590811,0.015981164692552206,2.510505958123168,2.7855002610313315,0.1341230005185234,0.0,0.0,0,0,49682,438,504329,drugclip_headft,100,0,0,,11.0,100.0,cv,0.0001,50.0,0.0,0.2503932641432642
0.633479001590811,0.015981164692552206,2.510505958123168,2.7855002610313315,0.1341230005185234,0.0,0.0,0,0,49682,438,504329,drugclip_headft,100,1,0,,11.0,100.0,cv,0.0001,50.0,0.0,0.2503932641432642
0.633479001590811,0.015981164692552206,2.510505958123168,2.7855002610313315,0.1341230005185234,0.0,0.0,0,0,49682,438,504329,drugclip_headft,100,2,0,,11.0,100.0,cv,0.0001,50.0,0.0,0.2503932641432642
0.633479001590811,0.015981164692552206,2.510505958123168,2.7855002610313315,0.1341230005185234,0.0,0.0,0,0,49682,438,504329,drugclip_headft,100,3,0,,11.0,100.0,cv,0.0001,50.0,0.0,0.2503932641432642
0.633479001590811,0.015981164692552206,2.510505958123168,2.7855002610313315,0.1341230005185234,0.0,0.0,0,0,49682,438,504329,drugclip_headft,100,4,0,,11.0,100.0,cv,0.0001,50.0,0.0,0.2503932641432642
0.692222036460692,0.046662882117470425,10.49847946124234,5.342680828535505,0.2528347829650822,0.0273972602739726,0.0365296803652968,7,16,49682,438,504329,drugclip_headft,300,0,0,,28.0,300.0,cv,0.01,800.0,0.0,0.5005788440158365
0.692222036460692,0.046662882117470425,10.49847946124234,5.342680828535505,0.2528347829650822,0.0273972602739726,0.0365296803652968,7,16,49682,438,504329,drugclip_headft,300,1,0,,28.0,300.0,cv,0.01,800.0,0.0,0.5005788440158365
0.692222036460692,0.046662882117470425,10.49847946124234,5.342680828535505,0.2528347829650822,0.0273972602739726,0.0365296803652968,7,16,49682,438,504329,drugclip_headft,300,2,0,,28.0,300.0,cv,0.01,800.0,0.0,0.5005788440158365
0.692222036460692,0.046662882117470425,10.49847946124234,5.342680828535505,0.2528347829650822,0.0273972602739726,0.0365296803652968,7,16,49682,438,504329,drugclip_headft,300,3,0,,28.0,300.0,cv,0.01,800.0,0.0,0.5005788440158365
0.692222036460692,0.046662882117470425,10.49847946124234,5.342680828535505,0.2528347829650822,0.0273972602739726,0.0365296803652968,7,16,49682,438,504329,drugclip_headft,300,4,0,,28.0,300.0,cv,0.01,800.0,0.0,0.5005788440158365
0.5856976266898143,0.004035923092665677,0.6664922870556674,1.6002254428341385,0.07609512692833079,0.0,0.0,0,0,49687,150,624273-588549,drugclip_zeroshot,0,-1,0,official,,,,,,,
0.6608570025099083,0.006359778320329556,2.6659691482226697,3.4671551261406335,0.1456721270206427,0.0,0.0,0,0,49687,150,624273-588549,boltz_base,0,-1,0,,,,,,,,
0.655874329625667,0.00876075244776289,6.664922870556674,3.4671551261406335,0.1668646544132479,0.02,0.02666666666666667,1,4,49687,150,624273-588549,boltz_headft,40,-1,0,,,,,,,,
0.6640064329020059,0.010322911485890941,7.997907444668008,3.8672114868491683,0.1702893616494896,0.013333333333333334,0.02666666666666667,1,4,49687,150,624273-588549,boltz_headft,100,-1,0,,,,,,,,
0.6801517384312064,0.007001423034059665,3.332461435278337,3.333803005904455,0.1483374188495105,0.006666666666666667,0.013333333333333334,0,2,49687,150,624273-588549,boltz_headft,300,-1,0,,,,,,,,
0.5556993762238327,0.003801894840376597,0.6664922870556674,1.4668733225979602,0.07412021677301897,0.0,0.0,0,0,49687,150,624273-588549,drugclip_headft,40,0,0,,4.0,40.0,cv,0.0001,200.0,0.0,0.7000000000000001
0.5556993762238327,0.003801894840376597,0.6664922870556674,1.4668733225979602,0.07412021677301897,0.0,0.0,0,0,49687,150,624273-588549,drugclip_headft,40,1,0,,4.0,40.0,cv,0.0001,200.0,0.0,0.7000000000000001
0.5556993762238327,0.003801894840376597,0.6664922870556674,1.4668733225979602,0.07412021677301897,0.0,0.0,0,0,49687,150,624273-588549,drugclip_headft,40,2,0,,4.0,40.0,cv,0.0001,200.0,0.0,0.7000000000000001
0.5556993762238327,0.003801894840376597,0.6664922870556674,1.4668733225979602,0.07412021677301897,0.0,0.0,0,0,49687,150,624273-588549,drugclip_headft,40,3,0,,4.0,40.0,cv,0.0001,200.0,0.0,0.7000000000000001
0.5556993762238327,0.003801894840376597,0.6664922870556674,1.4668733225979602,0.07412021677301897,0.0,0.0,0,0,49687,150,624273-588549,drugclip_headft,40,4,0,,4.0,40.0,cv,0.0001,200.0,0.0,0.7000000000000001
0.6157498435512849,0.00556854266373869,3.998953722334004,2.9337466451959204,0.1260764640007808,0.0,0.006666666666666667,0,1,49687,150,624273-588549,drugclip_headft,100,0,0,,4.0,100.0,cv,0.001,50.0,0.0,0.8440860215053764
0.6157498435512849,0.00556854266373869,3.998953722334004,2.9337466451959204,0.1260764640007808,0.0,0.006666666666666667,0,1,49687,150,624273-588549,drugclip_headft,100,1,0,,4.0,100.0,cv,0.001,50.0,0.0,0.8440860215053764
0.6157498435512849,0.00556854266373869,3.998953722334004,2.9337466451959204,0.1260764640007808,0.0,0.006666666666666667,0,1,49687,150,624273-588549,drugclip_headft,100,2,0,,4.0,100.0,cv,0.001,50.0,0.0,0.8440860215053764
0.6157498435512849,0.00556854266373869,3.998953722334004,2.9337466451959204,0.1260764640007808,0.0,0.006666666666666667,0,1,49687,150,624273-588549,drugclip_headft,100,3,0,,4.0,100.0,cv,0.001,50.0,0.0,0.8440860215053764
0.6157498435512849,0.00556854266373869,3.998953722334004,2.9337466451959204,0.1260764640007808,0.0,0.006666666666666667,0,1,49687,150,624273-588549,drugclip_headft,100,4,0,,4.0,100.0,cv,0.001,50.0,0.0,0.8440860215053764
0.6095844856706435,0.005109499697626973,2.6659691482226697,2.400338164251208,0.11317648185120109,0.0,0.006666666666666667,0,1,49687,150,624273-588549,drugclip_headft,300,0,0,,9.0,300.0,cv,0.0001,800.0,0.0,0.5156983367509683
0.6095844856706435,0.005109499697626973,2.6659691482226697,2.400338164251208,0.11317648185120109,0.0,0.006666666666666667,0,1,49687,150,624273-588549,drugclip_headft,300,1,0,,9.0,300.0,cv,0.0001,800.0,0.0,0.5156983367509683
0.6095844856706435,0.005109499697626973,2.6659691482226697,2.400338164251208,0.11317648185120109,0.0,0.006666666666666667,0,1,49687,150,624273-588549,drugclip_headft,300,2,0,,9.0,300.0,cv,0.0001,800.0,0.0,0.5156983367509683
0.6095844856706435,0.005109499697626973,2.6659691482226697,2.400338164251208,0.11317648185120109,0.0,0.006666666666666667,0,1,49687,150,624273-588549,drugclip_headft,300,3,0,,9.0,300.0,cv,0.0001,800.0,0.0,0.5156983367509683
0.6095844856706435,0.005109499697626973,2.6659691482226697,2.400338164251208,0.11317648185120109,0.0,0.006666666666666667,0,1,49687,150,624273-588549,drugclip_headft,300,4,0,,9.0,300.0,cv,0.0001,800.0,0.0,0.5156983367509683
0.42261187555091917,0.002214288152887395,0.7461935793867683,0.5969548635094146,0.03050097899577052,0.0,0.0,0,0,49695,134,1053173-743445,drugclip_zeroshot,0,-1,0,official,,,,,,,
0.829287412135264,0.022171269825383776,15.670065167122134,8.357368089131805,0.3479701012544961,0.022388059701492536,0.029850746268656716,1,4,49695,134,1053173-743445,boltz_base,0,-1,0,,,,,,,,
0.7231435285387795,0.026965740715798565,16.416258746508902,6.417264782726208,0.278636475890206,0.029850746268656716,0.07462686567164178,3,10,49695,134,1053173-743445,boltz_headft,40,-1,0,,,,,,,,
0.786053640515969,0.03068738498978823,18.65483948466921,6.566503498603561,0.31724095292691806,0.03731343283582089,0.05970149253731343,3,8,49695,134,1053173-743445,boltz_headft,100,-1,0,,,,,,,,
0.7689851974967077,0.04816426009214321,17.16245232589567,6.566503498603561,0.30304729086180104,0.06716417910447761,0.08955223880597014,7,12,49695,134,1053173-743445,boltz_headft,300,-1,0,,,,,,,,
0.47691387095113,0.002562530790974,0.7461935793867683,0.8954322952641219,0.04571622746016389,0.0,0.0,0,0,49695,134,1053173-743445,drugclip_headft,100,0,0,,5.0,100.0,cv,0.001,800.0,0.01,0.2114942528735632
0.47691387095113,0.002562530790974,0.7461935793867683,0.8954322952641219,0.04571622746016389,0.0,0.0,0,0,49695,134,1053173-743445,drugclip_headft,100,1,0,,5.0,100.0,cv,0.001,800.0,0.01,0.2114942528735632
0.47691387095113,0.002562530790974,0.7461935793867683,0.8954322952641219,0.04571622746016389,0.0,0.0,0,0,49695,134,1053173-743445,drugclip_headft,100,2,0,,5.0,100.0,cv,0.001,800.0,0.01,0.2114942528735632
0.47691387095113,0.002562530790974,0.7461935793867683,0.8954322952641219,0.04571622746016389,0.0,0.0,0,0,49695,134,1053173-743445,drugclip_headft,100,3,0,,5.0,100.0,cv,0.001,800.0,0.01,0.2114942528735632
0.47691387095113,0.002562530790974,0.7461935793867683,0.8954322952641219,0.04571622746016389,0.0,0.0,0,0,49695,134,1053173-743445,drugclip_headft,100,4,0,,5.0,100.0,cv,0.001,800.0,0.01,0.2114942528735632
0.6767920852548058,0.01148768102204584,7.461935793867683,3.5817291810564877,0.18164924178925207,0.029850746268656716,0.029850746268656716,3,4,49695,134,1053173-743445,drugclip_headft,300,0,0,,10.0,300.0,cv,0.01,50.0,0.0,0.5183455433455434
0.6767920852548058,0.01148768102204584,7.461935793867683,3.5817291810564877,0.18164924178925207,0.029850746268656716,0.029850746268656716,3,4,49695,134,1053173-743445,drugclip_headft,300,1,0,,10.0,300.0,cv,0.01,50.0,0.0,0.5183455433455434
0.6767920852548058,0.01148768102204584,7.461935793867683,3.5817291810564877,0.18164924178925207,0.029850746268656716,0.029850746268656716,3,4,49695,134,1053173-743445,drugclip_headft,300,2,0,,10.0,300.0,cv,0.01,50.0,0.0,0.5183455433455434
0.6767920852548058,0.01148768102204584,7.461935793867683,3.5817291810564877,0.18164924178925207,0.029850746268656716,0.029850746268656716,3,4,49695,134,1053173-743445,drugclip_headft,300,3,0,,10.0,300.0,cv,0.01,50.0,0.0,0.5183455433455434
0.6767920852548058,0.01148768102204584,7.461935793867683,3.5817291810564877,0.18164924178925207,0.029850746268656716,0.029850746268656716,3,4,49695,134,1053173-743445,drugclip_headft,300,4,0,,10.0,300.0,cv,0.01,50.0,0.0,0.5183455433455434
