auroc,auprc,ef_1pct,ef_5pct,bedroc,recall_at_50,recall_at_100,hits_at_20,hits_at_100,n_eval,n_active,target,arm,feature,tuning,train_size,n_train_active,cv_ap,note
0.6620793132895225,0.014861100569498985,1.2622451883015262,2.0709154752029146,0.107957187763444,0.0025252525252525255,0.005050505050505051,1.0,2.0,49685,396,588689,ecfp_lgbm_cv,ecfp,cv,40,16,0.4709272209272209,cv
0.7040305313271897,0.028764479358725614,6.311225941507631,3.7882600156150876,0.1913551726155484,0.020202020202020204,0.03787878787878788,4.0,15.0,49685,396,588689,ecfp_lgbm_cv,ecfp,cv,100,32,0.39468338391784413,cv
0.7477845057731036,0.042983205790526044,10.350410544072515,5.101523487694985,0.2463015954567071,0.027777777777777776,0.050505050505050504,3.0,20.0,49685,396,588689,ecfp_lgbm_cv,ecfp,cv,300,90,0.7506206841858786,cv
0.5868026416450001,0.014586135668060963,3.5342865272442734,1.7173445404121732,0.10045108194507694,0.0025252525252525255,0.007575757575757576,1.0,3.0,49685,396,588689,graw_lgbm_cv,graw,cv,40,16,0.5385422602089268,cv
0.6420708023651885,0.014798514968702254,3.029388451923663,2.8285674783259322,0.12747856022483786,0.005050505050505051,0.010101010101010102,0.0,4.0,49685,396,588689,graw_lgbm_cv,graw,cv,100,32,0.5310961980609544,cv
0.6878156885866517,0.041078798263524,9.845512468751904,4.242851217488898,0.21367927026313846,0.030303030303030304,0.045454545454545456,7.0,18.0,49685,396,588689,graw_lgbm_cv,graw,cv,300,90,0.5976011217899471,cv
0.6087675841373421,0.024062662920909982,6.563674979167937,2.9800978789505357,0.14784522540447353,0.020202020202020204,0.030303030303030304,7.0,12.0,49685,396,588689,chemeleon_lgbm_cv,chemeleon,cv,40,16,0.5002238502238502,cv
0.6659965312808745,0.026713861731190662,5.553878828526715,3.636729614990484,0.1704866264851403,0.020202020202020204,0.027777777777777776,4.0,11.0,49685,396,588689,chemeleon_lgbm_cv,chemeleon,cv,100,32,0.6019907354527009,cv
0.7870203690417125,0.14413984339287603,24.99245472837022,7.829070698937848,0.3712108620120029,0.07323232323232323,0.12878787878787878,13.0,51.0,49685,396,588689,chemeleon_lgbm_cv,chemeleon,cv,300,90,0.7137016736820191,cv
0.5927077848405691,0.020938238395988594,2.4349888233324166,1.8134436578132522,0.0980500958630688,0.0027063599458728013,0.005412719891745603,0.0,4.0,49685,739,540297-493091,ecfp_lgbm_cv,ecfp,cv,40,8,0.4838624338624338,cv
0.5777478419646362,0.030279019468607064,5.546363430923838,2.869030264600071,0.14051102960422154,0.009472259810554804,0.014884979702300407,4.0,11.0,49685,739,540297-493091,ecfp_lgbm_cv,ecfp,cv,100,16,0.41848719819984187,cv
0.6716641747136539,0.04477093608201538,7.034412156293649,3.599820992375561,0.18886932263006434,0.017591339648173207,0.03112313937753721,5.0,23.0,49685,739,540297-493091,ecfp_lgbm_cv,ecfp,cv,300,43,0.3605620499036493,cv
0.5484244822675255,0.016898494448993908,1.0822172548144076,1.2991835160453151,0.0702242084105478,0.0,0.0,0.0,0.0,49685,739,540297-493091,graw_lgbm_cv,graw,cv,40,8,0.6611111111111111,cv
0.6087664088899274,0.026382691812729443,3.5172060781468244,2.7336986483453507,0.13819321574843846,0.0027063599458728013,0.009472259810554804,1.0,7.0,49685,739,540297-493091,graw_lgbm_cv,graw,cv,100,16,0.3981534454839593,cv
0.6286590612935291,0.0263657125222575,3.787760391850426,2.544234385588742,0.13459293333092254,0.0,0.008119079837618403,0.0,6.0,49685,739,540297-493091,graw_lgbm_cv,graw,cv,300,43,0.39477019086555204,cv
0.5160462108223766,0.016793737364553023,1.893880195925213,1.623979395056644,0.08135881845125002,0.0013531799729364006,0.0027063599458728013,1.0,2.0,49685,739,540297-493091,chemeleon_lgbm_cv,chemeleon,cv,40,8,0.5740740740740741,cv
0.6144882568384579,0.03222386391045291,3.787760391850426,2.652499678592519,0.1461877265863913,0.012178619756427604,0.013531799729364006,5.0,10.0,49685,739,540297-493091,chemeleon_lgbm_cv,chemeleon,cv,100,16,0.3876429698065939,cv
0.6996450259425385,0.061969643183560345,8.116629411108056,4.980203478173708,0.23631325458043703,0.02165087956698241,0.03112313937753721,8.0,23.0,49685,739,540297-493091,chemeleon_lgbm_cv,chemeleon,cv,300,43,0.43400132302162814,cv
0.6312995396219022,0.015808767723029804,3.6155509133307424,2.843086979113552,0.13650670325582376,0.0024096385542168677,0.0024096385542168677,0.0,1.0,49615,415,434954-2097,ecfp_lgbm_cv,ecfp,cv,40,24,0.7866153522403523,cv
0.7003886031932609,0.1231721559300084,30.370627671978237,7.083623490333766,0.3632329129428099,0.04819277108433735,0.09397590361445783,5.0,39.0,49615,415,434954-2097,ecfp_lgbm_cv,ecfp,cv,100,52,0.8265024286778694,cv
0.7316852042315604,0.1867063523175863,22.416415662650603,6.071677277428942,0.31808599127650067,0.10120481927710843,0.14457831325301204,19.0,60.0,49615,415,434954-2097,ecfp_lgbm_cv,ecfp,cv,300,107,0.7313361311032166,cv
0.6317650602409639,0.061272548349105324,13.980130198212203,5.156106894324577,0.24942622021862906,0.04578313253012048,0.06987951807228916,9.0,29.0,49615,415,434954-2097,graw_lgbm_cv,graw,cv,40,24,0.6783797221297222,cv
0.7466257224018024,0.08031358236767622,13.015983287990673,6.842683915832617,0.3162831215330566,0.04819277108433735,0.06506024096385542,10.0,27.0,49615,415,434954-2097,graw_lgbm_cv,graw,cv,100,52,0.754063897329056,cv
0.7828633558624742,0.2067586373382264,25.067819665759817,7.420938894635373,0.3815844475640032,0.10602409638554217,0.1566265060240964,18.0,65.0,49615,415,434954-2097,graw_lgbm_cv,graw,cv,300,107,0.7272691245900313,cv
0.6119432363600744,0.041485437458765234,10.123542557326079,3.7104694473176867,0.1788393368983071,0.03855421686746988,0.05301204819277108,6.0,22.0,49615,415,434954-2097,chemeleon_lgbm_cv,chemeleon,cv,40,24,0.8602376789876791,cv
0.7015539230091097,0.14328887507746269,19.282938204430625,6.45718059663078,0.31780397448672115,0.0891566265060241,0.12530120481927712,17.0,52.0,49615,415,434954-2097,chemeleon_lgbm_cv,chemeleon,cv,100,52,0.7351894284705659,cv
0.6170115584288373,0.17305579469521826,19.523974931986007,5.156106894324577,0.26099643612895784,0.1108433734939759,0.15421686746987953,20.0,64.0,49615,415,434954-2097,chemeleon_lgbm_cv,chemeleon,cv,300,107,0.704889538625665,cv
0.5120177142839943,0.012445520134875734,1.6599139983335318,1.697485446012185,0.08085576128473967,0.0,0.005535055350553505,0.0,3.0,49582,542,463203-2650,ecfp_lgbm_cv,ecfp,cv,40,13,0.5055555555555556,cv
0.5437624154993589,0.01608008486273936,2.213218664444709,1.6236817309681768,0.09288809455496198,0.01107011070110701,0.012915129151291513,2.0,7.0,49582,542,463203-2650,ecfp_lgbm_cv,ecfp,cv,100,29,0.5206276725409759,cv
0.6114133804470182,0.04019701052538561,7.008525770741578,3.0259523168043296,0.15378533688699583,0.02952029520295203,0.03505535055350553,11.0,19.0,49582,542,463203-2650,ecfp_lgbm_cv,ecfp,cv,300,70,0.5245697561363685,cv
0.35946489950217614,0.02051829278768191,7.192960659445304,1.8081910185781969,0.09198056654859887,0.016605166051660517,0.025830258302583026,4.0,14.0,49582,542,463203-2650,graw_lgbm_cv,graw,cv,40,13,0.6458122895622895,cv
0.5215064289713044,0.014984807346150765,2.9509582192596118,2.1403077362762333,0.09880252633420407,0.0036900369003690036,0.005535055350553505,2.0,3.0,49582,542,463203-2650,graw_lgbm_cv,graw,cv,100,29,0.549133411879885,cv
0.8389354198395165,0.080620640145605,12.172702654445898,7.085156644224772,0.33176474477103934,0.02952029520295203,0.046125461254612546,9.0,25.0,49582,542,463203-2650,graw_lgbm_cv,graw,cv,300,70,0.5723879860679658,cv
0.5617277183171505,0.013120159887713713,0.5533046661111772,1.2177612982261328,0.07035520961634906,0.0,0.0018450184501845018,0.0,1.0,49582,542,463203-2650,chemeleon_lgbm_cv,chemeleon,cv,40,13,0.5445887445887445,cv
0.5477740138331237,0.015836842278366296,1.8443488870372573,2.0665040212322254,0.10102953474947897,0.0036900369003690036,0.007380073800738007,2.0,4.0,49582,542,463203-2650,chemeleon_lgbm_cv,chemeleon,cv,100,29,0.4645494816624131,cv
0.6418305637991127,0.055591681816908795,9.775049101297464,4.133008042464451,0.2068993590562837,0.03874538745387454,0.04981549815498155,8.0,27.0,49582,542,463203-2650,chemeleon_lgbm_cv,chemeleon,cv,300,70,0.5003275385136846,cv
,,,,,,,,,49680,953,493248-485317,ecfp_lgbm_cv,ecfp,cv,40,1,,undefined_too_few_actives
0.5998928522921816,0.03186162309112482,2.622239206487614,2.0776495278069254,0.13238163915745635,0.0062959076600209865,0.00944386149003148,1.0,9.0,49680,953,493248-485317,ecfp_lgbm_cv,ecfp,cv,100,9,0.6460437710437711,cv
0.6457414159032515,0.05921034536792824,7.656938482943833,3.9034627492130114,0.20538397244127077,0.014690451206715634,0.03672612801678909,4.0,35.0,49680,953,493248-485317,ecfp_lgbm_cv,ecfp,cv,300,23,0.33786749968639246,cv
,,,,,,,,,49680,953,493248-485317,graw_lgbm_cv,graw,cv,40,1,,undefined_too_few_actives
0.46391363355522686,0.019333624511099615,1.0488956825950455,1.1122770199370409,0.0639419778195629,0.002098635886673662,0.004197271773347324,2.0,4.0,49680,953,493248-485317,graw_lgbm_cv,graw,cv,100,9,0.37572920906254237,cv
0.6338438340032291,0.036144076609965374,2.4124600699686045,2.8331584470094437,0.15065472016960452,0.005246589716684155,0.008394543546694649,2.0,8.0,49680,953,493248-485317,graw_lgbm_cv,graw,cv,300,23,0.212165647234146,cv
,,,,,,,,,49680,953,493248-485317,chemeleon_lgbm_cv,chemeleon,cv,40,1,,undefined_too_few_actives
0.6120761772051155,0.035726302225001984,3.251576616044641,3.0220356768100736,0.15902744756834358,0.002098635886673662,0.005246589716684155,1.0,5.0,49680,953,493248-485317,chemeleon_lgbm_cv,chemeleon,cv,100,9,0.23157768157768155,cv
0.6311527373605663,0.036129792946336114,4.720030571677705,2.056663168940189,0.130398483267118,0.00944386149003148,0.015739769150052464,5.0,15.0,49680,953,493248-485317,chemeleon_lgbm_cv,chemeleon,cv,300,23,0.37141405704476393,cv
0.6498952981871282,0.04678596660332981,11.411390718741675,8.310836844388563,0.31667285171440973,0.0045662100456621,0.0136986301369863,1.0,6.0,49682,438,504329,ecfp_lgbm_cv,ecfp,cv,40,4,0.9,cv
0.7391324868542036,0.11331833925610212,23.50746488060785,8.310836844388563,0.3761473353038582,0.0273972602739726,0.0639269406392694,8.0,28.0,49682,438,504329,ecfp_lgbm_cv,ecfp,cv,100,11,0.32269536019536016,cv
0.7419041663374886,0.07929406077009507,16.204174820613176,6.1189677865278425,0.31003466127857715,0.045662100456621,0.06621004566210045,9.0,29.0,49682,438,504329,ecfp_lgbm_cv,ecfp,cv,300,28,0.48437820229978445,cv
0.5447506944266719,0.011395023321408666,2.282278143748335,1.6895657321009714,0.08441616354577075,0.00228310502283105,0.0045662100456621,1.0,2.0,49682,438,504329,graw_lgbm_cv,graw,cv,40,4,0.875,cv
0.5374732623940649,0.010393096239626467,1.1411390718741674,1.1415984676357915,0.062329677868448556,0.00228310502283105,0.0045662100456621,1.0,2.0,49682,438,504329,graw_lgbm_cv,graw,cv,100,11,0.5161044973544974,cv
0.5710607397549579,0.01172153212288751,1.369366886249001,1.6895657321009714,0.08435202632489269,0.0045662100456621,0.00684931506849315,0.0,3.0,49682,438,504329,graw_lgbm_cv,graw,cv,300,28,0.26635186746962686,cv
0.6489572101869767,0.02711499764099558,6.8468344312450045,4.292410238310576,0.19899695075591728,0.01141552511415525,0.02511415525114155,2.0,11.0,49682,438,504329,chemeleon_lgbm_cv,chemeleon,cv,40,4,0.5611111111111111,cv
0.6626500912982376,0.031686749817996136,6.8468344312450045,3.790106912550828,0.18849521773469133,0.02054794520547945,0.02968036529680365,4.0,13.0,49682,438,504329,chemeleon_lgbm_cv,chemeleon,cv,100,11,0.32628548016479053,cv
0.7410227108770454,0.05666156511368302,12.324301976241008,5.844984154295252,0.2767943968063689,0.0319634703196347,0.04794520547945205,9.0,21.0,49682,438,504329,chemeleon_lgbm_cv,chemeleon,cv,300,28,0.42897329513708876,cv
0.5182182341818573,0.0032099869135155347,0.0,0.666760601180891,0.0453049508003239,0.0,0.0,0.0,0.0,49687,150,624273-588549,ecfp_lgbm_cv,ecfp,cv,40,4,0.6166666666666667,cv
0.5568554144713379,0.003857668481346108,1.999476861167002,1.333521202361782,0.07854125155992878,0.0,0.006666666666666667,0.0,1.0,49687,150,624273-588549,ecfp_lgbm_cv,ecfp,cv,100,4,0.4399038461538461,cv
0.537078210899597,0.016682975100387413,5.9984305835010066,2.533690284487386,0.11776520866428201,0.02666666666666667,0.02666666666666667,4.0,4.0,49687,150,624273-588549,ecfp_lgbm_cv,ecfp,cv,300,9,0.24608867688485184,cv
0.5101049047513307,0.002995251891993205,0.6664922870556674,0.5334084809447128,0.034657931579316265,0.0,0.0,0.0,0.0,49687,150,624273-588549,graw_lgbm_cv,graw,cv,40,4,0.47354497354497355,cv
0.5267799826392393,0.003253435233073922,0.6664922870556674,1.0668169618894257,0.0510502888494669,0.0,0.006666666666666667,0.0,1.0,49687,150,624273-588549,graw_lgbm_cv,graw,cv,100,4,0.8571428571428571,cv
0.5437368700836411,0.004171520806485309,3.332461435278337,1.866929683306495,0.08319396908208496,0.006666666666666667,0.006666666666666667,0.0,1.0,49687,150,624273-588549,graw_lgbm_cv,graw,cv,300,9,0.10054516125636814,cv
0.5673775157962735,0.005117267708120984,2.6659691482226697,2.2669860440150296,0.09603370608099993,0.006666666666666667,0.013333333333333334,1.0,2.0,49687,150,624273-588549,chemeleon_lgbm_cv,chemeleon,cv,40,4,0.30277777777777776,cv
0.6772832428285928,0.006652540010259506,3.998953722334004,2.667042404723564,0.12421692616152571,0.013333333333333334,0.02,0.0,3.0,49687,150,624273-588549,chemeleon_lgbm_cv,chemeleon,cv,100,4,0.5401234567901234,cv
0.6808008155520116,0.0073909725471170105,3.998953722334004,3.6005072463768117,0.1591691706357278,0.006666666666666667,0.013333333333333334,0.0,2.0,49687,150,624273-588549,chemeleon_lgbm_cv,chemeleon,cv,300,9,0.24073625176566352,cv
,,,,,,,,,49695,134,1053173-743445,ecfp_lgbm_cv,ecfp,cv,40,0,,undefined_too_few_actives
0.46311894553583444,0.009554364777930428,6.715742214480915,1.7908645905282439,0.09084365694742053,0.04477611940298507,0.04477611940298507,1.0,6.0,49695,134,1053173-743445,ecfp_lgbm_cv,ecfp,cv,100,5,0.75,cv
0.5198284971904064,0.01788056051129863,5.969548635094147,1.7908645905282439,0.09603204430067121,0.014925373134328358,0.04477611940298507,2.0,6.0,49695,134,1053173-743445,ecfp_lgbm_cv,ecfp,cv,300,10,0.64058223746903,cv
,,,,,,,,,49695,134,1053173-743445,graw_lgbm_cv,graw,cv,40,0,,undefined_too_few_actives
0.6573795536752989,0.007754128364679616,6.715742214480915,3.432490465179134,0.1659014617826484,0.007462686567164179,0.029850746268656716,0.0,4.0,49695,134,1053173-743445,graw_lgbm_cv,graw,cv,100,5,0.11272882077479779,cv
0.5462166026669382,0.005246576529155494,2.9847743175470733,2.686296885792366,0.1049530893821148,0.014925373134328358,0.014925373134328358,2.0,2.0,49695,134,1053173-743445,graw_lgbm_cv,graw,cv,300,10,0.4234006105283668,cv
,,,,,,,,,49695,134,1053173-743445,chemeleon_lgbm_cv,chemeleon,cv,40,0,,undefined_too_few_actives
0.619445899173851,0.005793900978198646,3.7309678969338416,3.432490465179134,0.14115470914129286,0.007462686567164179,0.014925373134328358,0.0,2.0,49695,134,1053173-743445,chemeleon_lgbm_cv,chemeleon,cv,100,5,0.1304193899782135,cv
0.5810855128927506,0.008046009640355912,3.7309678969338416,2.686296885792366,0.11352872218077845,0.007462686567164179,0.007462686567164179,1.0,1.0,49695,134,1053173-743445,chemeleon_lgbm_cv,chemeleon,cv,300,10,0.2921112764714247,cv
